id,age,hostel,mess,dept_id
0,26,82,94,4
1,30,87,94,1
2,20,87,91,3
3,27,84,90,2
4,19,83,93,5
5,29,86,94,4
6,18,86,88,5
7,30,87,91,3
8,22,81,94,4
9,21,85,93,0
10,27,83,91,2
11,28,84,94,3
12,26,84,93,2
13,22,86,90,0
14,21,81,91,2
15,30,87,94,4
16,26,81,91,1
17,30,84,94,4
18,25,82,91,1
19,24,82,93,1
20,23,85,88,2
21,29,87,93,2
22,18,86,88,4
23,26,87,91,4
24,20,82,91,2
25,29,86,94,2
26,28,84,94,4
27,29,85,93,4
28,19,86,92,0
29,28,81,93,0
30,28,87,93,2
31,23,82,94,1
32,21,84,91,0
33,28,84,90,4
34,20,87,90,4
35,28,84,90,4
36,19,84,89,1
37,24,82,91,0
38,30,87,89,3
39,19,84,92,4
40,29,87,89,2
41,30,86,92,2
42,30,83,91,5
43,19,87,91,1
44,18,87,93,2
45,18,86,89,4
46,20,87,90,4
47,22,83,92,4
48,29,84,93,2
49,25,84,94,4
50,21,82,90,3
51,25,86,91,2
52,18,86,93,3
53,21,86,89,5
54,28,82,90,4
55,19,86,88,4
56,21,86,91,1
57,20,86,93,3
58,24,81,91,4
59,19,81,90,5
60,29,87,93,3
61,22,86,93,2
62,20,83,93,3
63,19,86,93,4
64,21,86,92,5
65,27,84,91,2
66,27,87,91,2
67,23,85,91,2
68,19,86,91,3
69,26,83,92,2
70,24,87,89,4
71,22,87,91,4
72,20,85,93,4
73,21,87,94,2
74,22,86,89,3
75,24,85,94,4
76,22,84,91,4
77,29,85,89,2
78,21,86,90,4
79,20,84,92,2
80,28,85,93,1
81,26,87,93,4
82,27,84,92,0
83,27,86,90,4
84,18,87,94,1
85,21,84,88,0
86,18,84,94,5
87,21,85,92,5
88,28,87,92,0
89,28,82,92,3
90,28,81,92,0
91,22,82,93,1
92,21,85,89,5
93,20,87,91,1
94,26,82,93,0
95,30,81,90,4
96,29,86,89,4
97,29,86,91,5
98,22,85,94,4
99,20,84,89,3
100,28,87,92,2
101,27,81,93,2
102,20,86,88,0
103,30,82,91,2
104,20,86,91,2
105,28,87,91,5
106,22,81,88,3
107,26,82,89,4
108,29,87,88,2
109,26,87,91,1
110,18,81,91,0
111,20,82,89,0
112,19,83,94,4
113,25,84,92,5
114,22,87,88,1
115,25,82,93,2
116,29,82,94,5
117,18,86,90,2
118,25,83,92,1
119,22,87,94,2
120,19,86,94,4
121,27,86,91,1
122,22,83,91,4
123,24,82,93,0
124,25,87,91,3
125,21,84,94,3
126,30,83,93,4
127,26,86,88,0
128,28,87,88,5
129,23,87,93,2
130,25,87,94,3
131,24,87,94,2
132,18,84,89,2
133,27,86,88,4
134,30,87,89,4
135,23,84,89,1
136,24,81,93,5
137,27,86,94,2
138,30,84,94,3
139,25,82,91,1
140,23,81,94,3
141,28,87,94,5
142,20,81,93,2
143,20,81,88,1
144,24,84,91,4
145,22,82,91,1
146,18,84,91,0
147,30,83,94,5
148,20,81,91,0
149,28,82,94,0
150,25,86,90,3
151,20,87,90,3
152,21,84,91,3
153,25,84,93,4
154,27,84,94,4
155,21,81,92,2
156,21,83,91,5
157,19,87,93,2
158,18,83,93,3
159,30,87,93,2
160,28,87,91,2
161,23,85,90,4
162,24,85,93,4
163,29,87,89,2
164,29,84,93,4
165,26,87,88,0
166,21,86,88,1
167,20,86,94,2
168,26,86,91,4
169,29,86,92,4
170,21,83,94,4
171,26,87,94,3
172,29,85,93,4
173,26,85,90,2
174,23,86,92,4
175,19,87,92,4
176,30,83,90,4
177,21,86,91,4
178,21,85,90,0
179,20,84,89,4
180,30,84,93,2
181,21,84,94,5
182,19,84,94,2
183,24,81,90,0
184,21,83,94,2
185,20,85,88,0
186,26,87,92,3
187,23,82,89,5
188,28,87,89,2
189,28,84,92,2
190,25,84,91,2
191,24,85,91,5
192,28,86,94,4
193,26,86,94,4
194,22,87,88,2
195,22,81,94,3
196,21,86,93,5
197,30,86,93,2
198,30,86,88,2
199,30,81,94,4
200,25,86,88,1
201,23,81,89,4
202,29,84,93,5
203,25,86,94,2
204,24,86,90,5
205,19,82,91,3
206,24,85,93,3
207,19,86,90,2
208,18,84,90,5
209,19,82,88,3
210,28,84,94,2
211,26,85,90,4
212,28,81,92,0
213,22,87,94,1
214,18,81,90,3
215,23,86,92,5
216,19,84,90,4
217,23,87,93,2
218,19,82,91,4
219,27,85,88,4
220,22,85,93,3
221,19,82,93,0
222,27,84,88,5
223,25,87,91,3
224,22,83,94,2
225,27,86,93,1
226,22,83,88,0
227,25,84,91,4
228,19,85,88,3
229,30,82,94,1
230,28,82,90,1
231,20,87,89,0
232,23,84,91,4
233,20,82,92,5
234,28,84,93,3
235,30,87,91,4
236,30,85,90,4
237,26,84,91,5
238,20,84,92,2
239,23,87,88,5
240,19,81,90,4
241,18,87,91,4
242,26,85,91,2
243,30,86,90,3
244,21,87,90,3
245,23,82,93,2
246,20,83,88,2
247,21,86,94,4
248,30,82,93,5
249,24,87,90,1
250,20,87,93,2
251,24,82,91,1
252,30,87,89,2
253,29,86,93,2
254,29,87,92,3
255,29,87,91,2
256,26,86,91,3
257,21,86,93,2
258,28,87,90,2
259,26,87,92,4
260,28,86,94,4
261,18,86,92,2
262,19,86,91,3
263,26,87,93,4
264,25,84,92,2
265,30,85,94,4
266,29,87,91,4
267,20,84,94,4
268,23,85,94,3
269,22,84,88,4
270,23,81,93,2
271,18,84,94,4
272,24,84,88,2
273,29,87,94,1
274,18,85,88,4
275,23,83,94,2
276,20,84,88,2
277,26,83,93,5
278,27,83,93,4
279,19,83,94,5
280,25,86,94,2
281,21,84,88,2
282,30,87,91,3
283,29,85,94,3
284,25,82,94,2
285,24,86,93,1
286,28,86,92,4
287,23,81,94,1
288,21,82,88,3
289,25,85,91,1
290,20,81,93,3
291,20,83,88,5
292,20,81,91,3
293,18,82,93,4
294,29,81,88,4
295,26,84,93,4
296,20,86,94,4
297,30,86,90,4
298,23,86,94,4
299,28,86,93,5
300,25,85,94,4
301,18,87,91,4
302,26,84,94,3
303,25,84,94,2
304,25,84,89,4
305,18,87,90,1
306,23,83,90,1
307,30,86,94,5
308,24,87,88,4
309,26,86,94,3
310,28,83,89,4
311,20,84,91,3
312,18,84,91,3
313,21,81,93,3
314,23,84,94,1
315,27,84,92,3
316,24,87,94,2
317,18,86,93,2
318,24,81,94,5
319,24,86,91,4
320,26,86,90,0
321,25,86,88,4
322,21,86,91,1
323,29,84,92,2
324,23,81,91,5
325,21,86,92,1
326,23,82,90,5
327,19,85,92,4
328,24,83,90,0
329,19,86,91,4
330,30,83,91,3
331,30,84,92,5
332,23,86,93,3
333,27,84,91,2
334,27,86,93,4
335,25,87,91,3
336,25,87,94,4
337,24,83,94,4
338,28,84,89,2
339,23,83,89,5
340,30,82,93,0
341,19,83,90,3
342,19,86,92,2
343,25,87,93,2
344,21,81,93,4
345,30,82,91,4
346,25,87,88,3
347,20,86,91,4
348,24,84,89,0
349,24,81,88,5
350,30,87,91,0
351,30,87,93,4
352,25,84,93,4
353,28,86,94,2
354,22,83,92,2
355,26,84,93,3
356,29,83,93,5
357,24,84,89,4
358,24,87,90,4
359,25,82,93,1
360,19,83,94,4
361,19,84,93,4
362,23,83,89,1
363,30,87,89,5
364,30,85,89,2
365,27,85,92,3
366,23,82,93,4
367,24,86,89,1
368,29,84,91,2
369,23,87,92,3
370,24,82,94,4
371,23,85,93,3
372,28,81,88,3
373,25,87,93,1
374,21,86,88,5
375,28,83,92,2
376,19,87,89,4
377,24,84,94,4
378,28,81,88,1
379,18,84,91,4
380,27,86,92,3
381,26,84,88,1
382,22,84,94,0
383,25,83,92,4
384,28,86,91,3
385,22,84,89,2
386,25,81,88,4
387,27,87,94,2
388,25,86,89,5
389,18,84,90,4
390,20,84,93,5
391,30,87,93,3
392,27,86,88,3
393,22,87,91,5
394,19,84,88,4
395,21,86,90,4
396,29,85,88,4
397,25,83,93,4
398,22,84,93,3
399,21,81,92,4
400,30,82,92,4
401,30,85,94,1
402,18,82,93,3
403,22,87,94,4
404,21,83,93,2
405,24,81,93,4
406,23,86,94,4
407,23,86,94,2
408,26,87,94,4
409,23,87,89,2
410,25,82,90,0
411,23,82,94,2
412,26,86,89,4
413,27,83,89,0
414,22,86,91,4
415,25,83,88,3
416,21,83,88,3
417,30,86,89,4
418,28,84,92,2
419,24,85,93,4
420,25,86,90,3
421,20,81,93,4
422,30,83,93,3
423,30,87,93,4
424,21,87,90,2
425,21,81,93,4
426,20,85,93,4
427,26,83,90,4
428,25,86,93,4
429,26,86,90,3
430,19,84,89,1
431,30,82,91,5
432,30,84,88,2
433,27,82,94,4
434,26,84,89,5
435,23,83,91,3
436,26,81,90,4
437,28,85,94,5
438,23,87,90,5
439,22,82,91,5
440,26,84,93,5
441,20,82,93,2
442,30,86,92,1
443,19,84,92,3
444,18,81,93,4
445,19,87,93,0
446,18,84,90,5
447,20,83,88,2
448,26,82,91,3
449,25,85,94,2
450,26,82,94,4
451,28,85,93,5
452,21,82,91,2
453,22,87,94,3
454,19,87,91,2
455,28,86,93,4
456,23,87,90,3
457,22,83,91,3
458,19,87,91,4
459,21,83,94,0
460,26,84,90,4
461,30,87,93,1
462,29,86,88,3
463,23,87,92,2
464,25,87,90,2
465,19,82,94,4
466,28,84,90,0
467,20,87,90,2
468,25,84,91,4
469,19,87,89,1
470,23,83,91,4
471,23,86,93,5
472,23,87,89,1
473,29,86,91,2
474,19,84,91,5
475,22,87,93,3
476,22,82,90,5
477,18,84,93,5
478,20,82,93,0
479,24,86,93,4
480,24,87,89,3
481,27,82,88,0
482,30,87,93,5
483,19,82,88,5
484,27,87,88,5
485,23,85,91,3
486,18,86,90,3
487,29,83,89,4
488,23,86,94,4
489,30,83,92,5
490,24,86,93,4
491,25,81,94,4
492,27,86,90,1
493,25,86,91,3
494,30,87,93,0
495,29,82,91,4
496,23,84,89,3
497,22,87,93,4
498,28,87,89,5
499,27,87,94,1
500,23,86,94,2
501,24,86,93,0
502,22,87,93,2
503,29,84,91,5
504,20,82,90,4
505,20,86,91,4
506,25,87,90,3
507,19,83,92,1
508,28,87,94,0
509,20,87,92,4
510,29,83,91,3
511,27,83,93,2
512,23,84,89,4
513,18,87,92,0
514,21,87,93,0
515,21,84,94,4
516,26,82,94,2
517,18,81,93,5
518,28,81,91,3
519,25,83,94,5
520,20,81,93,3
521,19,86,93,4
522,26,87,91,5
523,29,85,89,2
524,20,83,93,4
525,29,84,90,4
526,26,83,94,4
527,27,83,89,4
528,22,82,91,0
529,27,87,93,2
530,28,87,88,1
531,20,84,93,3
532,24,82,90,5
533,27,84,94,2
534,27,85,88,4
535,23,87,89,2
536,29,86,92,1
537,25,84,92,2
538,19,87,94,4
539,20,81,91,3
540,28,81,91,4
541,20,82,89,0
542,30,86,93,4
543,29,87,89,0
544,20,81,91,4
545,28,84,89,0
546,22,87,93,2
547,26,86,88,3
548,30,81,93,3
549,26,81,91,3
550,30,87,89,3
551,27,86,92,4
552,26,85,93,4
553,30,81,93,2
554,25,86,92,5
555,22,81,93,5
556,24,87,94,3
557,28,83,90,3
558,27,85,91,2
559,30,82,91,0
560,26,86,91,1
561,27,85,94,0
562,26,86,94,3
563,27,84,94,4
564,23,84,93,1
565,24,87,90,4
566,21,81,89,1
567,30,84,93,0
568,29,82,93,0
569,20,83,90,5
570,22,83,91,0
571,26,85,94,4
572,29,86,93,3
573,24,87,93,4
574,19,84,91,3
575,19,82,91,2
576,28,81,91,1
577,22,86,89,1
578,19,86,93,3
579,19,81,91,5
580,29,81,88,3
581,25,86,94,4
582,24,87,91,1
583,25,86,88,3
584,24,81,94,3
585,25,81,92,0
586,23,86,89,3
587,29,82,90,0
588,18,87,89,4
589,27,83,93,2
590,22,81,93,4
591,18,84,94,4
592,24,87,89,0
593,29,81,88,5
594,29,84,90,3
595,24,84,92,3
596,28,84,94,4
597,28,85,94,3
598,26,81,91,5
599,26,87,88,4
600,19,86,92,4
601,22,83,93,1
602,19,87,90,3
603,30,84,91,2
604,24,84,89,1
605,22,82,92,2
606,27,86,92,3
607,20,81,91,1
608,20,84,90,2
609,23,84,91,4
610,18,87,89,2
611,23,86,90,3
612,23,83,92,2
613,28,86,88,3
614,28,84,90,3
615,21,82,88,1
616,28,86,93,2
617,21,84,90,4
618,23,84,89,3
619,22,84,93,3
620,25,84,89,4
621,26,81,93,4
622,19,87,91,5
623,25,87,93,4
624,22,84,91,3
625,20,82,91,4
626,22,84,89,3
627,20,84,91,2
628,20,81,92,2
629,18,87,88,3
630,30,85,94,4
631,25,87,93,3
632,23,81,91,5
633,29,82,93,1
634,18,86,92,4
635,28,84,93,2
636,26,85,91,3
637,23,82,88,2
638,21,84,91,2
639,24,87,91,3
640,19,84,94,0
641,24,83,92,4
642,20,84,93,4
643,29,81,90,3
644,20,85,94,5
645,19,87,88,3
646,18,87,91,2
647,22,86,90,2
648,20,86,93,3
649,26,85,91,4
650,23,83,93,4
651,25,85,92,4
652,22,81,89,5
653,21,84,89,3
654,19,85,93,2
655,18,85,88,4
656,23,86,91,1
657,25,86,93,4
658,18,81,93,4
659,20,82,92,4
660,19,81,94,4
661,21,84,91,4
662,20,84,88,4
663,22,84,94,2
664,30,87,89,1
665,28,85,91,3
666,18,86,89,2
667,25,84,92,4
668,18,84,91,3
669,18,82,90,1
670,27,83,91,3
671,27,85,94,3
672,26,87,93,4
673,30,87,91,5
674,21,83,93,5
675,19,87,94,4
676,30,84,89,0
677,24,84,88,0
678,19,86,93,0
679,19,81,90,3
680,23,82,93,3
681,28,86,91,4
682,30,81,91,0
683,19,87,94,2
684,30,81,93,3
685,25,85,90,2
686,30,87,93,3
687,26,87,94,3
688,23,82,93,4
689,25,87,94,5
690,28,82,88,1
691,20,85,89,1
692,29,84,91,1
693,22,83,88,5
694,25,87,94,5
695,25,85,88,4
696,18,84,89,0
697,30,86,94,3
698,18,81,92,4
699,23,85,93,2
700,19,84,94,4
701,26,87,93,5
702,30,85,90,3
703,28,87,89,4
704,20,86,91,4
705,22,81,91,2
706,28,85,93,4
707,27,82,90,4
708,23,85,88,4
709,30,82,88,4
710,26,83,90,5
711,29,81,88,3
712,19,83,93,4
713,23,87,89,1
714,23,84,89,5
715,29,87,92,2
716,29,84,93,4
717,28,86,90,4
718,19,83,94,3
719,24,87,91,4
720,23,85,94,4
721,23,84,89,1
722,25,84,94,2
723,18,86,89,4
724,22,86,94,0
725,26,84,93,4
726,21,87,89,2
727,23,85,91,0
728,26,87,88,4
729,28,85,91,2
730,24,86,89,4
731,24,86,89,0
732,22,85,91,2
733,26,87,93,2
734,30,87,94,5
735,29,86,90,1
736,29,85,93,4
737,19,81,93,3
738,22,81,88,1
739,26,84,94,1
740,26,83,93,4
741,24,84,92,5
742,25,87,94,4
743,19,81,93,3
744,22,83,91,5
745,30,83,92,5
746,18,86,93,4
747,28,84,91,0
748,21,81,91,5
749,26,85,93,1
750,22,83,93,0
751,24,85,89,3
752,24,81,94,2
753,27,84,88,4
754,30,86,89,0
755,19,85,89,0
756,28,83,94,0
757,19,87,89,2
758,22,84,93,3
759,21,84,91,3
760,21,84,91,4
761,21,82,91,2
762,23,85,94,2
763,26,84,89,5
764,18,86,94,4
765,28,81,91,0
766,21,85,93,0
767,29,84,93,4
768,21,82,93,4
769,18,85,88,3
770,24,82,94,5
771,20,81,93,3
772,23,81,94,1
773,29,81,94,1
774,27,81,91,4
775,19,86,91,0
776,20,84,90,4
777,23,84,92,1
778,22,81,93,4
779,22,83,89,2
780,22,84,89,4
781,24,81,91,4
782,28,86,93,4
783,20,82,93,3
784,29,86,94,2
785,29,86,90,2
786,26,81,93,3
787,20,83,92,0
788,30,86,93,3
789,21,87,91,4
790,27,87,91,3
791,19,87,94,5
792,25,85,94,2
793,23,87,88,1
794,19,84,94,0
795,24,83,91,3
796,20,85,94,2
797,26,85,90,0
798,30,86,94,2
799,27,85,92,2
800,29,84,91,3
801,23,84,93,2
802,29,82,89,2
803,23,81,94,3
804,30,86,92,1
805,29,83,90,3
806,23,81,90,3
807,26,85,89,2
808,18,87,91,4
809,26,81,93,5
810,27,85,89,4
811,29,84,94,4
812,29,87,88,3
813,29,82,88,0
814,24,84,93,4
815,29,84,91,3
816,30,87,91,4
817,26,86,88,4
818,22,87,89,4
819,26,83,89,4
820,28,86,94,4
821,19,85,88,3
822,29,84,91,4
823,28,81,94,3
824,27,82,90,4
825,29,87,91,1
826,21,83,89,4
827,19,81,93,3
828,21,85,89,2
829,20,87,91,4
830,21,85,92,3
831,29,87,91,2
832,27,87,88,1
833,19,87,92,1
834,21,84,90,1
835,25,86,93,3
836,20,84,91,4
837,29,84,91,0
838,21,86,89,2
839,26,83,93,3
840,19,87,91,3
841,28,84,94,2
842,29,82,89,3
843,21,84,93,3
844,27,85,88,2
845,26,87,94,1
846,27,86,88,4
847,21,87,88,3
848,25,84,88,3
849,27,86,90,1
850,25,87,94,4
851,21,87,88,4
852,28,82,94,3
853,30,86,94,4
854,20,87,89,3
855,25,83,91,5
856,25,84,93,2
857,28,81,93,0
858,24,81,91,1
859,24,87,94,4
860,25,85,88,1
861,25,82,92,2
862,22,84,93,3
863,24,86,94,2
864,29,87,94,1
865,30,86,93,1
866,20,85,93,2
867,19,87,89,3
868,30,86,94,3
869,22,86,88,3
870,20,84,89,2
871,21,87,89,4
872,21,87,88,2
873,23,84,94,4
874,28,85,90,4
875,23,86,91,1
876,22,81,92,2
877,22,83,88,2
878,26,86,88,3
879,21,87,94,3
880,20,81,94,4
881,29,86,91,2
882,29,87,94,1
883,27,84,94,4
884,30,84,94,2
885,19,84,89,0
886,30,87,91,5
887,28,82,89,4
888,20,86,93,3
889,25,85,94,0
890,27,85,91,0
891,27,81,90,2
892,19,81,94,2
893,27,87,91,0
894,26,83,89,2
895,19,85,93,3
896,23,84,88,1
897,18,87,88,5
898,22,84,89,2
899,23,87,93,3
900,24,87,90,2
901,21,87,94,4
902,30,86,93,0
903,26,84,94,5
904,22,87,94,5
905,21,86,91,1
906,24,87,93,5
907,18,85,94,3
908,21,84,88,0
909,24,84,91,5
910,30,86,91,1
911,20,84,89,0
912,19,86,94,3
913,22,86,93,1
914,19,85,91,3
915,19,87,90,2
916,21,82,90,3
917,23,87,94,4
918,30,84,91,4
919,20,86,93,2
920,18,84,94,3
921,24,86,92,4
922,24,84,92,2
923,27,86,91,4
924,19,85,91,4
925,23,81,89,0
926,21,87,93,4
927,21,84,88,2
928,29,84,93,2
929,23,87,91,1
930,20,87,89,2
931,21,83,92,5
932,30,84,91,2
933,23,83,90,2
934,28,84,90,1
935,25,82,88,4
936,27,85,91,5
937,19,84,91,5
938,26,81,94,4
939,28,84,92,2
940,21,86,90,4
941,25,83,90,2
942,24,87,93,4
943,20,86,93,4
944,22,86,89,1
945,29,81,92,0
946,21,85,92,3
947,19,87,91,3
948,30,85,94,2
949,28,87,90,2
950,26,87,92,3
951,21,82,91,5
952,24,84,88,3
953,29,87,90,2
954,22,84,94,5
955,22,87,91,4
956,22,86,89,3
957,25,83,88,3
958,19,84,93,0
959,23,85,94,2
960,24,87,93,1
961,30,86,91,4
962,29,84,93,4
963,18,87,93,3
964,24,84,92,3
965,27,86,94,2
966,28,86,94,2
967,28,87,91,1
968,22,87,94,4
969,27,84,90,5
970,20,83,89,1
971,21,86,88,4
972,30,86,94,1
973,24,86,91,5
974,25,86,93,4
975,27,87,93,5
976,26,84,93,4
977,18,87,93,5
978,18,87,90,0
979,18,86,93,5
980,26,82,92,4
981,23,81,89,4
982,27,87,92,1
983,25,85,91,3
984,29,84,94,4
985,20,86,94,4
986,23,81,91,5
987,27,84,88,2
988,28,84,90,1
989,21,86,88,0
990,28,86,94,4
991,26,83,90,4
992,27,87,88,4
993,28,86,89,4
994,19,85,89,3
995,27,81,94,3
996,22,81,93,0
997,22,82,94,0
998,19,85,89,4
999,29,85,94,4
1000,27,81,94,3
1001,20,84,88,4
1002,25,85,94,0
1003,25,87,93,4
1004,30,83,90,4
1005,18,87,91,2
1006,24,87,89,4
1007,28,81,88,0
1008,21,86,91,4
1009,25,86,91,2
1010,20,85,93,4
1011,30,84,91,2
1012,29,81,90,2
1013,26,85,89,2
1014,19,87,92,3
1015,22,82,91,2
1016,30,86,93,3
1017,28,86,93,4
1018,25,81,94,4
1019,28,87,92,4
1020,18,84,94,4
1021,20,85,90,2
1022,21,84,88,4
1023,23,85,89,4
1024,19,82,93,4
1025,20,81,93,3
1026,23,86,91,1
1027,30,83,94,5
1028,29,86,94,4
1029,22,87,93,4
1030,29,86,92,4
1031,25,86,92,4
1032,30,84,88,1
1033,30,87,93,0
1034,22,83,91,2
1035,23,84,93,1
1036,18,84,94,4
1037,29,86,89,0
1038,18,87,90,1
1039,27,82,91,4
1040,18,86,94,4
1041,27,87,93,4
1042,28,84,94,3
1043,27,87,91,4
1044,25,83,93,3
1045,19,84,93,3
1046,18,87,92,1
1047,27,83,94,2
1048,22,83,89,2
1049,22,87,93,0
1050,29,84,91,4
1051,25,84,91,4
1052,29,82,91,4
1053,26,84,88,3
1054,29,82,88,4
1055,22,84,88,1
1056,24,87,89,4
1057,28,84,94,5
1058,28,87,93,3
1059,20,87,93,5
1060,23,87,91,5
1061,21,82,89,1
1062,26,84,92,2
1063,18,87,94,2
1064,28,85,93,4
1065,21,87,91,3
1066,20,81,92,3
1067,21,82,88,4
1068,29,86,88,3
1069,18,86,93,2
1070,29,86,94,4
1071,20,84,93,3
1072,18,86,91,2
1073,26,84,93,2
1074,19,82,93,4
1075,19,84,90,3
1076,25,85,91,5
1077,19,84,94,5
1078,22,84,88,2
1079,19,84,89,3
1080,24,81,94,4
1081,26,84,91,4
1082,27,84,94,4
1083,25,81,94,4
1084,30,84,94,2
1085,26,82,91,1
1086,24,84,93,3
1087,26,84,88,4
1088,27,87,91,5
1089,24,84,91,4
1090,19,87,93,4
1091,26,84,90,2
1092,28,87,90,2
1093,22,86,90,4
1094,18,87,93,4
1095,30,83,91,3
1096,24,84,94,4
1097,21,86,89,1
1098,22,87,88,3
1099,27,84,92,4
1100,18,86,89,4
1101,22,87,93,2
1102,28,84,94,2
1103,30,86,93,1
1104,19,83,93,0
1105,25,81,91,2
1106,22,83,91,3
1107,21,84,93,4
1108,24,86,93,0
1109,28,86,93,4
1110,29,87,94,4
1111,24,84,91,4
1112,18,86,90,4
1113,19,81,91,1
1114,24,87,94,4
1115,23,86,93,5
1116,18,84,93,4
1117,29,87,90,1
1118,22,84,88,4
1119,21,85,94,0
1120,29,87,89,2
1121,30,81,93,2
1122,26,87,88,3
1123,22,87,89,1
1124,23,86,92,4
1125,26,86,93,4
1126,30,86,88,4
1127,18,81,92,2
1128,20,87,89,4
1129,27,85,88,4
1130,21,84,88,3
1131,21,84,88,3
1132,25,87,88,4
1133,28,84,93,1
1134,18,84,93,5
1135,29,85,91,0
1136,25,83,94,3
1137,28,84,90,3
1138,22,84,91,0
1139,23,86,93,4
1140,22,87,92,3
1141,19,87,94,3
1142,28,81,91,0
1143,21,85,92,3
1144,19,86,88,3
1145,26,84,93,3
1146,21,84,94,4
1147,19,86,89,2
1148,26,84,91,4
1149,30,86,90,2
1150,27,83,90,1
1151,26,84,88,4
1152,28,81,94,3
1153,21,86,93,3
1154,25,84,92,4
1155,29,83,91,3
1156,20,84,92,2
1157,23,81,93,4
1158,19,81,91,4
1159,30,87,93,4
1160,26,84,92,4
1161,29,87,89,4
1162,26,86,88,2
1163,29,87,88,4
1164,20,84,94,3
1165,27,86,93,2
1166,26,85,91,1
1167,27,87,93,1
1168,26,87,93,2
1169,23,87,94,0
1170,18,86,93,4
1171,27,87,94,0
1172,27,85,93,4
1173,20,84,91,4
1174,19,86,92,4
1175,18,86,94,4
1176,25,87,90,4
1177,20,83,88,3
1178,26,87,92,3
1179,26,84,94,0
1180,26,82,93,5
1181,24,81,92,3
1182,28,86,93,5
1183,18,86,94,2
1184,28,84,90,3
1185,26,82,91,2
1186,21,87,94,2
1187,28,85,94,4
1188,26,87,91,4
1189,27,84,93,4
1190,26,81,93,2
1191,30,87,93,2
1192,28,87,93,1
1193,19,86,89,1
1194,19,87,91,3
1195,29,86,94,0
1196,27,86,94,2
1197,30,82,90,3
1198,30,82,89,0
1199,23,85,89,4
1200,23,87,93,0
1201,25,84,91,3
1202,18,81,94,2
1203,24,82,91,2
1204,20,83,89,4
1205,23,86,91,4
1206,26,81,91,4
1207,26,85,94,4
1208,30,86,91,4
1209,24,84,91,4
1210,30,87,93,4
1211,22,86,88,4
1212,22,86,92,2
1213,26,87,89,4
1214,23,87,89,4
1215,26,85,91,0
1216,28,84,89,4
1217,30,85,93,4
1218,22,86,90,0
1219,23,84,88,4
1220,19,86,93,1
1221,28,86,92,4
1222,24,81,93,3
1223,30,84,92,4
1224,26,86,94,3
1225,23,86,93,3
1226,30,87,93,4
1227,19,83,93,0
1228,25,81,91,1
1229,21,82,93,3
1230,24,85,93,4
1231,27,84,90,2
1232,26,84,91,1
1233,24,86,91,0
1234,23,87,91,4
1235,25,85,94,5
1236,29,86,91,4
1237,19,82,94,4
1238,29,87,88,3
1239,29,85,92,4
1240,23,87,90,4
1241,26,85,92,2
1242,18,86,93,4
1243,19,86,93,2
1244,27,84,90,2
1245,21,87,88,2
1246,30,87,93,4
1247,29,86,94,4
1248,22,87,93,4
1249,27,84,94,3
1250,21,86,91,0
1251,19,82,91,4
1252,30,81,90,2
1253,29,82,94,0
1254,20,81,89,3
1255,22,87,92,4
1256,18,81,92,5
1257,25,81,94,3
1258,24,84,88,2
1259,25,84,88,5
1260,19,84,93,2
1261,29,84,90,3
1262,20,87,94,1
1263,23,83,94,4
1264,29,87,89,5
1265,26,81,89,4
1266,28,87,94,4
1267,21,86,88,2
1268,30,86,93,5
1269,25,86,93,4
1270,20,86,93,4
1271,24,87,88,1
1272,21,84,89,5
1273,20,86,94,4
1274,22,86,94,4
1275,30,84,93,0
1276,28,86,94,1
1277,27,86,93,4
1278,26,87,93,4
1279,18,87,91,4
1280,25,87,90,4
1281,20,87,94,2
1282,27,82,89,4
1283,21,87,94,3
1284,19,85,91,2
1285,18,87,91,2
1286,28,84,88,3
1287,20,87,93,4
1288,18,84,93,3
1289,26,81,93,2
1290,20,82,91,2
1291,25,85,93,4
1292,21,84,90,5
1293,19,84,93,4
1294,18,85,90,2
1295,28,84,93,5
1296,22,87,92,0
1297,19,87,93,4
1298,28,86,93,0
1299,19,86,91,4
1300,25,84,92,2
1301,20,81,91,1
1302,28,87,94,4
1303,24,84,93,3
1304,21,86,91,1
1305,19,87,92,1
1306,18,81,93,0
1307,27,87,91,4
1308,30,87,93,5
1309,30,84,94,2
1310,28,85,91,5
1311,29,85,93,0
1312,20,83,89,5
1313,29,84,92,4
1314,29,86,94,3
1315,24,83,94,4
1316,26,82,89,0
1317,25,86,93,3
1318,26,86,93,2
1319,23,83,91,3
1320,26,84,90,3
1321,19,87,88,3
1322,19,87,94,3
1323,29,84,92,2
1324,24,86,89,2
1325,27,86,93,4
1326,30,85,89,5
1327,19,87,94,4
1328,18,86,94,0
1329,21,82,91,0
1330,21,86,92,4
1331,29,84,91,5
1332,28,84,91,4
1333,27,87,91,5
1334,26,87,93,4
1335,27,85,90,3
1336,23,86,94,0
1337,29,84,91,3
1338,23,82,88,2
1339,24,87,93,0
1340,28,84,93,4
1341,18,86,93,3
1342,26,85,93,2
1343,27,82,91,5
1344,22,86,94,2
1345,28,82,93,3
1346,21,82,94,4
1347,24,85,93,4
1348,29,84,91,2
1349,29,86,92,3
1350,30,84,91,4
1351,27,87,91,3
1352,26,83,94,1
1353,18,84,94,4
1354,18,87,93,0
1355,26,87,91,1
1356,30,84,93,4
1357,29,86,94,4
1358,29,86,88,2
1359,20,84,94,2
1360,19,82,90,1
1361,27,85,93,4
1362,28,83,91,4
1363,19,87,94,2
1364,29,87,94,3
1365,28,86,91,4
1366,21,85,93,4
1367,27,87,92,1
1368,23,87,94,2
1369,27,87,91,2
1370,19,87,91,4
1371,24,86,91,2
1372,20,86,90,5
1373,22,86,94,1
1374,18,86,88,3
1375,30,84,89,3
1376,22,82,88,4
1377,23,85,94,3
1378,18,86,93,0
1379,26,83,91,4
1380,29,83,94,4
1381,27,81,92,3
1382,27,86,94,3
1383,24,87,92,2
1384,23,87,94,1
1385,25,86,93,4
1386,24,84,91,0
1387,30,82,92,4
1388,30,87,94,4
1389,25,85,93,2
1390,24,87,91,3
1391,30,83,93,2
1392,18,83,91,0
1393,27,84,90,3
1394,26,86,92,3
1395,30,87,94,4
1396,30,85,91,0
1397,20,87,89,0
1398,25,87,94,2
1399,19,84,94,1
1400,18,81,90,2
1401,19,87,88,3
1402,29,81,90,5
1403,19,82,94,4
1404,24,84,94,2
1405,25,83,93,0
1406,25,83,91,3
1407,27,87,91,4
1408,19,85,92,5
1409,30,84,94,3
1410,28,84,94,3
1411,19,87,89,3
1412,30,87,89,4
1413,18,81,93,2
1414,30,87,91,4
1415,25,84,94,0
1416,23,84,90,4
1417,25,81,93,4
1418,23,85,91,0
1419,21,87,89,1
1420,19,84,93,2
1421,23,86,93,3
1422,28,87,93,2
1423,23,86,94,2
1424,25,85,93,3
1425,19,87,94,4
1426,22,87,90,2
1427,18,86,94,0
1428,28,87,94,4
1429,27,81,93,3
1430,28,83,94,4
1431,23,81,94,4
1432,23,83,92,2
1433,20,85,89,2
1434,20,84,94,3
1435,21,84,93,4
1436,25,83,92,4
1437,21,81,89,0
1438,20,87,89,0
1439,23,85,90,3
1440,28,86,93,3
1441,19,84,94,1
1442,19,83,91,4
1443,20,82,94,3
1444,25,86,94,3
1445,20,84,90,2
1446,27,81,93,4
1447,26,81,92,4
1448,22,84,88,0
1449,20,86,93,5
1450,22,87,91,3
1451,19,86,93,3
1452,24,86,94,5
1453,22,87,94,2
1454,20,81,89,2
1455,20,84,92,2
1456,25,87,88,3
1457,21,86,93,3
1458,18,87,93,4
1459,26,84,90,3
1460,30,84,93,2
1461,19,87,93,4
1462,18,87,93,1
1463,28,84,89,2
1464,20,84,91,3
1465,29,87,90,4
1466,22,86,89,2
1467,19,83,88,5
1468,30,82,94,5
1469,30,87,88,2
1470,22,86,88,4
1471,23,86,89,4
1472,22,83,93,2
1473,29,87,91,2
1474,25,84,88,1
1475,20,82,91,3
1476,21,84,93,2
1477,28,83,92,3
1478,21,85,94,4
1479,24,87,91,4
1480,21,85,88,3
1481,25,81,89,3
1482,29,84,93,3
1483,19,86,91,3
1484,21,82,91,4
1485,25,87,92,1
1486,18,87,91,2
1487,29,84,91,5
1488,24,84,94,4
1489,26,87,91,3
1490,22,82,94,3
1491,22,84,94,4
1492,18,87,94,2
1493,25,84,89,1
1494,30,83,90,1
1495,23,86,93,2
1496,25,87,91,2
1497,26,87,92,3
1498,18,84,90,5
1499,22,84,94,4
1500,29,86,91,3
1501,22,86,91,2
1502,27,84,90,3
1503,25,84,90,1
1504,20,87,94,3
1505,29,87,88,3
1506,26,87,88,4
1507,23,83,88,2
1508,26,83,91,3
1509,28,82,91,3
1510,30,82,88,4
1511,18,84,92,1
1512,19,86,93,4
1513,23,86,91,2
1514,22,87,88,2
1515,27,86,93,1
1516,19,87,91,2
1517,19,87,94,2
1518,19,83,94,3
1519,30,85,94,1
1520,26,86,91,1
1521,26,86,89,3
1522,24,84,94,4
1523,27,86,92,1
1524,30,83,89,5
1525,23,84,94,4
1526,24,85,92,4
1527,21,87,91,3
1528,26,87,88,1
1529,22,84,88,2
1530,30,81,94,2
1531,26,85,90,4
1532,21,86,94,2
1533,20,86,91,2
1534,26,82,94,4
1535,20,86,89,2
1536,25,85,94,3
1537,21,81,91,4
1538,18,84,89,3
1539,22,86,89,5
1540,23,85,94,3
1541,27,84,91,4
1542,22,87,94,3
1543,20,87,89,3
1544,22,81,93,4
1545,19,87,90,0
1546,19,85,94,5
1547,29,84,91,0
1548,27,82,91,0
1549,24,83,91,4
1550,29,83,88,4
1551,26,87,93,2
1552,29,86,91,4
1553,18,84,94,2
1554,27,83,92,4
1555,27,84,90,3
1556,24,82,91,2
1557,22,84,91,1
1558,19,82,94,0
1559,30,83,91,4
1560,22,86,94,4
1561,21,85,93,0
1562,26,84,91,2
1563,23,86,93,1
1564,27,82,91,4
1565,20,84,94,4
1566,24,87,94,3
1567,22,85,93,1
1568,29,85,91,3
1569,24,86,94,3
1570,22,84,92,2
1571,22,84,88,5
1572,25,86,89,3
1573,22,84,93,4
1574,28,82,94,2
1575,24,86,92,2
1576,20,82,93,4
1577,23,86,88,1
1578,28,86,89,4
1579,28,84,89,3
1580,23,85,92,4
1581,30,87,90,1
1582,29,81,94,4
1583,23,81,88,4
1584,25,86,93,5
1585,18,87,88,4
1586,25,81,94,4
1587,23,87,93,5
1588,27,87,94,0
1589,21,82,94,4
1590,20,83,91,1
1591,18,82,92,4
1592,20,87,88,2
1593,30,84,89,4
1594,28,84,92,2
1595,24,86,94,0
1596,30,83,89,3
1597,26,84,93,1
1598,29,84,91,4
1599,21,84,88,4
1600,25,83,90,4
1601,28,87,94,1
1602,19,82,94,0
1603,19,86,92,0
1604,23,84,93,0
1605,20,85,93,5
1606,25,85,89,3
1607,19,87,89,3
1608,19,83,91,1
1609,24,87,90,1
1610,18,83,93,3
1611,22,87,92,0
1612,25,84,92,4
1613,18,85,93,1
1614,29,87,93,2
1615,18,85,88,0
1616,29,83,90,4
1617,25,87,88,0
1618,26,86,94,5
1619,22,87,93,1
1620,28,84,93,4
1621,19,86,94,4
1622,25,83,93,4
1623,26,85,93,2
1624,21,87,91,3
1625,23,83,91,0
1626,29,82,94,4
1627,26,82,89,4
1628,26,81,93,2
1629,18,86,89,2
1630,30,81,94,4
1631,24,81,93,2
1632,22,87,89,3
1633,27,87,92,3
1634,19,86,89,4
1635,27,87,93,1
1636,20,81,94,4
1637,30,87,88,2
1638,30,81,93,2
1639,30,87,92,4
1640,23,81,94,4
1641,23,87,90,0
1642,20,87,89,2
1643,22,82,94,4
1644,30,83,93,0
1645,20,87,93,2
1646,28,87,90,3
1647,22,86,89,3
1648,18,86,93,0
1649,25,86,93,3
1650,27,87,92,5
1651,20,87,88,2
1652,30,85,90,0
1653,27,87,88,3
1654,28,82,92,2
1655,27,84,90,5
1656,18,81,89,2
1657,30,82,94,4
1658,24,82,92,1
1659,21,86,88,4
1660,30,84,94,3
1661,30,84,93,3
1662,25,82,91,2
1663,26,87,90,0
1664,20,84,94,2
1665,26,81,88,4
1666,19,85,89,2
1667,25,87,92,4
1668,28,85,91,4
1669,20,86,94,2
1670,21,86,94,3
1671,30,82,93,3
1672,22,82,92,4
1673,25,81,92,1
1674,24,87,91,5
1675,25,86,91,2
1676,19,84,94,4
1677,27,84,89,0
1678,29,84,88,3
1679,20,82,91,5
1680,21,86,92,4
1681,23,87,93,1
1682,21,86,92,2
1683,22,82,90,4
1684,28,81,91,4
1685,21,86,90,0
1686,27,84,94,0
1687,21,83,94,2
1688,23,85,91,2
1689,29,86,93,1
1690,24,85,90,5
1691,29,86,91,0
1692,18,82,91,0
1693,27,82,94,0
1694,18,84,88,5
1695,29,81,94,5
1696,28,83,92,2
1697,30,86,93,4
1698,26,87,92,5
1699,19,84,90,0
1700,26,86,93,4
1701,28,86,91,5
1702,21,84,91,3
1703,21,82,93,1
1704,22,85,90,4
1705,19,87,94,4
1706,29,82,94,3
1707,28,85,90,1
1708,18,87,88,4
1709,27,84,88,0
1710,22,82,88,0
1711,29,84,91,3
1712,29,83,91,0
1713,18,83,94,5
1714,27,86,90,2
1715,19,84,92,3
1716,20,86,92,2
1717,25,86,93,1
1718,18,83,94,4
1719,21,86,93,4
1720,30,86,93,4
1721,24,84,91,4
1722,30,84,92,2
1723,28,82,88,5
1724,24,84,90,2
1725,24,86,88,4
1726,29,81,91,0
1727,22,84,92,3
1728,20,83,93,2
1729,20,87,93,2
1730,27,87,94,4
1731,30,83,92,4
1732,29,87,90,3
1733,28,83,93,0
1734,18,87,94,4
1735,21,87,88,1
1736,26,84,94,2
1737,21,87,90,4
1738,26,86,94,2
1739,25,81,93,5
1740,24,82,94,1
1741,21,82,92,4
1742,19,86,91,4
1743,23,82,93,1
1744,23,85,92,0
1745,23,82,88,3
1746,29,82,91,5
1747,18,87,89,4
1748,29,83,89,1
1749,18,86,91,3
1750,20,82,94,0
1751,19,85,91,3
1752,26,81,91,1
1753,24,84,91,4
1754,20,86,94,4
1755,22,86,94,4
1756,25,87,92,4
1757,18,84,93,3
1758,22,83,90,3
1759,26,84,94,2
1760,26,84,91,0
1761,29,82,91,4
1762,24,87,91,2
1763,25,84,91,4
1764,24,87,93,5
1765,23,87,88,4
1766,26,84,91,2
1767,22,81,93,4
1768,18,85,91,2
1769,25,82,89,2
1770,23,86,90,1
1771,28,83,89,2
1772,20,86,92,4
1773,30,84,93,4
1774,28,82,90,4
1775,26,85,90,1
1776,22,84,90,3
1777,18,87,89,3
1778,23,83,94,2
1779,22,87,94,4
1780,24,85,88,4
1781,18,86,93,5
1782,30,86,91,3
1783,19,81,92,4
1784,23,86,94,2
1785,18,84,91,3
1786,22,82,93,3
1787,21,87,94,4
1788,18,84,88,0
1789,21,83,91,4
1790,22,86,94,4
1791,28,86,94,3
1792,26,87,94,2
1793,21,87,94,4
1794,18,84,91,1
1795,28,87,90,4
1796,30,87,92,0
1797,30,84,93,0
1798,25,81,89,3
1799,18,84,93,3
1800,18,86,91,4
1801,27,81,94,0
1802,19,84,91,1
1803,23,85,93,4
1804,19,87,94,1
1805,19,87,89,2
1806,22,86,89,3
1807,20,82,91,4
1808,29,86,91,2
1809,19,82,93,1
1810,28,81,88,3
1811,26,87,93,4
1812,22,84,91,4
1813,19,87,90,5
1814,25,87,94,2
1815,29,84,90,4
1816,18,86,89,2
1817,30,84,92,0
1818,24,83,93,5
1819,21,87,94,3
1820,22,81,93,5
1821,19,84,91,3
1822,22,81,89,4
1823,29,87,89,5
1824,25,82,93,5
1825,26,83,94,5
1826,22,84,94,1
1827,18,87,94,0
1828,20,86,91,5
1829,25,82,90,5
1830,24,84,91,4
1831,28,86,89,0
1832,26,86,94,2
1833,22,85,89,1
1834,26,86,94,4
1835,30,87,89,1
1836,29,86,89,2
1837,24,83,93,4
1838,19,87,94,4
1839,29,82,94,0
1840,18,86,90,2
1841,28,82,88,3
1842,19,84,91,2
1843,29,83,91,2
1844,24,87,93,4
1845,25,84,94,3
1846,22,82,92,4
1847,23,83,91,5
1848,25,81,88,3
1849,30,87,92,4
1850,28,84,90,4
1851,27,82,93,2
1852,26,86,94,3
1853,27,85,94,5
1854,25,87,93,4
1855,18,82,92,4
1856,23,84,91,4
1857,24,84,93,2
1858,23,87,93,0
1859,26,87,91,5
1860,28,86,90,4
1861,22,81,93,3
1862,21,82,94,4
1863,23,82,93,4
1864,30,82,91,2
1865,26,83,93,3
1866,28,82,90,4
1867,22,84,88,5
1868,27,84,92,4
1869,29,81,93,3
1870,28,86,93,3
1871,26,84,91,2
1872,20,84,88,3
1873,20,84,92,2
1874,24,86,94,1
1875,29,86,88,1
1876,28,86,93,3
1877,25,87,93,4
1878,24,81,94,3
1879,18,87,88,5
1880,27,86,93,4
1881,23,85,89,3
1882,20,87,89,3
1883,23,84,91,2
1884,25,84,93,3
1885,27,86,93,2
1886,22,84,93,3
1887,29,84,91,2
1888,30,82,89,4
1889,24,84,93,3
1890,29,84,93,2
1891,21,87,91,4
1892,19,84,90,3
1893,21,87,92,2
1894,24,87,89,3
1895,24,86,88,4
1896,28,87,93,2
1897,30,82,91,4
1898,23,81,94,4
1899,19,84,88,2
1900,21,84,90,0
1901,29,81,89,1
1902,18,85,92,4
1903,21,81,94,0
1904,25,87,92,2
1905,18,81,94,3
1906,28,87,94,4
1907,26,87,93,5
1908,28,81,93,1
1909,21,81,93,3
1910,27,87,93,3
1911,23,84,94,5
1912,25,84,92,1
1913,27,85,94,3
1914,30,84,92,3
1915,28,81,93,3
1916,25,86,91,4
1917,29,82,93,1
1918,20,84,91,0
1919,27,84,90,4
1920,24,86,93,0
1921,30,83,93,4
1922,26,83,90,2
1923,24,83,89,3
1924,30,87,91,3
1925,20,84,89,4
1926,29,85,90,4
1927,19,82,93,4
1928,26,87,94,2
1929,25,84,93,3
1930,21,86,90,4
1931,28,81,94,4
1932,24,86,93,2
1933,18,84,92,4
1934,19,84,91,1
1935,18,81,91,2
1936,24,86,93,4
1937,22,87,88,0
1938,19,87,90,3
1939,27,81,91,3
1940,18,84,93,4
1941,19,84,93,3
1942,21,86,89,4
1943,18,83,88,4
1944,26,84,93,1
1945,20,85,93,1
1946,27,87,94,1
1947,24,83,92,5
1948,28,81,94,1
1949,29,85,91,0
1950,26,87,92,4
1951,23,86,91,2
1952,21,85,94,3
1953,20,82,91,3
1954,25,87,88,1
1955,25,86,91,4
1956,30,82,93,1
1957,29,87,88,1
1958,30,82,92,2
1959,30,81,88,4
1960,19,85,91,4
1961,22,87,89,2
1962,23,87,93,4
1963,20,87,92,5
1964,28,85,88,2
1965,25,81,89,3
1966,26,84,92,0
1967,28,83,88,2
1968,18,87,88,0
1969,27,86,90,4
1970,19,86,91,5
1971,24,87,90,3
1972,20,84,93,2
1973,18,85,90,3
1974,30,83,94,4
1975,24,84,94,1
1976,18,86,93,3
1977,30,86,94,5
1978,29,86,92,4
1979,20,87,92,3
1980,27,84,90,3
1981,23,85,90,0
1982,28,84,89,1
1983,27,87,94,1
1984,27,84,93,0
1985,23,81,94,0
1986,26,87,90,4
1987,27,84,93,1
1988,22,86,93,5
1989,29,81,94,2
1990,28,85,91,3
1991,22,86,89,3
1992,29,85,91,4
1993,24,86,92,0
1994,24,82,89,1
1995,20,82,91,3
1996,18,86,89,1
1997,19,83,93,2
1998,29,82,92,5
1999,29,87,94,4
2000,30,85,91,3
2001,25,81,94,4
2002,22,84,93,4
2003,29,85,88,0
2004,29,86,93,0
2005,29,87,94,0
2006,26,84,93,2
2007,27,82,94,4
2008,29,85,89,4
2009,28,87,93,4
2010,23,85,94,2
2011,19,82,93,4
2012,20,85,93,2
2013,22,85,91,4
2014,27,85,89,2
2015,23,82,91,4
2016,27,86,91,4
2017,25,86,91,3
2018,21,83,94,5
2019,25,87,89,4
2020,26,84,88,1
2021,26,84,93,2
2022,28,85,90,3
2023,21,87,92,4
2024,20,85,94,2
2025,26,84,94,3
2026,30,82,90,3
2027,26,87,91,2
2028,29,84,89,2
2029,25,84,91,3
2030,28,85,93,1
2031,19,86,89,4
2032,29,82,94,4
2033,18,83,88,4
2034,19,84,93,2
2035,29,83,89,2
2036,26,84,89,3
2037,19,86,92,4
2038,23,82,94,0
2039,22,87,94,4
2040,27,87,94,4
2041,27,87,93,4
2042,23,81,94,3
2043,29,84,94,0
2044,30,84,94,4
2045,19,84,89,4
2046,19,83,92,4
2047,21,81,94,4
2048,22,86,88,4
2049,27,87,88,3
2050,19,85,91,2
2051,23,82,92,4
2052,23,87,88,4
2053,18,85,89,3
2054,21,83,91,4
2055,19,81,91,0
2056,27,84,94,2
2057,26,82,93,2
2058,23,84,91,3
2059,19,84,94,4
2060,23,86,93,4
2061,30,84,94,1
2062,22,84,92,1
2063,28,84,91,4
2064,27,81,89,2
2065,30,86,94,4
2066,27,86,90,1
2067,23,83,90,4
2068,29,82,93,1
2069,24,84,91,0
2070,20,84,88,4
2071,26,87,94,4
2072,19,84,91,2
2073,22,82,91,3
2074,21,87,93,3
2075,18,86,90,4
2076,25,82,92,4
2077,22,87,91,4
2078,24,86,94,2
2079,24,86,90,3
2080,18,85,94,3
2081,20,87,93,0
2082,28,81,93,4
2083,22,87,89,4
2084,28,83,91,2
2085,19,86,93,5
2086,27,86,94,1
2087,21,86,94,2
2088,24,84,92,3
2089,22,86,94,2
2090,20,83,94,3
2091,24,84,94,5
2092,22,87,94,4
2093,18,84,89,1
2094,30,87,93,1
2095,25,86,94,0
2096,21,84,91,2
2097,30,84,91,3
2098,25,81,91,4
2099,27,84,93,3
2100,29,82,93,3
2101,18,84,94,5
2102,19,86,91,2
2103,27,85,94,2
2104,21,85,93,2
2105,24,84,91,3
2106,28,86,93,5
2107,19,85,91,4
2108,23,86,94,5
2109,22,85,89,1
2110,25,83,93,4
2111,22,82,89,2
2112,25,84,91,4
2113,30,82,93,4
2114,24,85,91,4
2115,30,85,89,5
2116,23,87,93,3
2117,22,87,90,4
2118,29,87,89,5
2119,29,87,89,3
2120,18,87,94,4
2121,19,86,91,5
2122,21,84,88,3
2123,29,84,94,3
2124,25,83,93,3
2125,20,82,93,4
2126,26,87,91,2
2127,28,87,94,1
2128,26,87,94,1
2129,28,85,89,2
2130,26,81,88,4
2131,22,87,91,4
2132,21,87,92,1
2133,24,84,93,2
2134,25,87,94,4
2135,27,87,90,1
2136,28,87,92,0
2137,26,86,94,1
2138,18,86,94,5
2139,24,84,94,4
2140,21,87,90,4
2141,27,86,94,4
2142,23,81,92,5
2143,21,86,93,5
2144,29,86,94,4
2145,22,86,88,3
2146,27,84,94,4
2147,28,81,94,4
2148,20,86,93,0
2149,26,86,90,0
2150,20,83,91,2
2151,30,83,93,2
2152,20,86,88,3
2153,27,83,91,5
2154,27,83,93,2
2155,28,86,88,4
2156,23,81,92,3
2157,30,82,94,3
2158,27,83,94,4
2159,19,85,91,1
2160,23,83,88,4
2161,19,87,90,4
2162,26,84,93,4
2163,24,87,90,4
2164,25,86,89,4
2165,29,87,91,2
2166,19,85,94,3
2167,19,87,93,0
2168,28,85,94,1
2169,30,86,89,2
2170,20,83,90,4
2171,26,87,92,0
2172,19,81,88,3
2173,23,87,90,0
2174,22,83,88,4
2175,20,86,92,4
2176,20,82,89,4
2177,24,81,92,2
2178,26,84,91,2
2179,18,87,94,4
2180,24,85,89,0
2181,24,83,93,2
2182,28,81,93,4
2183,22,86,94,4
2184,23,87,94,4
2185,27,87,91,0
2186,23,87,94,2
2187,25,81,94,4
2188,24,84,92,2
2189,29,87,89,3
2190,26,82,93,3
2191,21,86,88,5
2192,24,83,89,4
2193,28,86,90,1
2194,20,85,94,5
2195,28,85,92,3
2196,21,84,91,2
2197,25,81,93,0
2198,21,81,94,0
2199,24,81,94,4
2200,29,86,91,2
2201,29,85,93,2
2202,22,83,93,4
2203,18,84,91,3
2204,18,83,88,5
2205,30,85,91,3
2206,24,81,94,4
2207,23,86,93,4
2208,24,81,93,0
2209,29,83,90,2
2210,22,84,91,0
2211,25,85,94,4
2212,20,87,88,1
2213,29,81,92,3
2214,29,86,88,1
2215,23,81,93,2
2216,23,86,88,4
2217,25,81,93,0
2218,26,82,89,4
2219,28,83,92,0
2220,30,87,91,0
2221,28,86,92,4
2222,23,86,90,5
2223,26,84,93,2
2224,24,82,90,2
2225,23,84,94,1
2226,21,82,91,4
2227,18,82,89,4
2228,19,86,92,4
2229,23,83,90,0
2230,27,84,93,3
2231,23,86,91,0
2232,19,81,94,4
2233,24,84,94,4
2234,19,87,92,4
2235,21,81,91,2
2236,18,83,90,3
2237,20,86,90,3
2238,29,85,91,4
2239,22,85,91,3
2240,23,86,93,4
2241,23,82,94,5
2242,23,82,90,4
2243,23,83,92,0
2244,27,86,93,5
2245,24,84,88,1
2246,29,87,90,1
2247,24,86,92,3
2248,29,85,94,3
2249,19,85,88,4
2250,21,87,89,5
2251,24,87,93,2
2252,25,86,94,1
2253,22,85,93,4
2254,19,85,91,1
2255,20,87,91,5
2256,24,87,93,4
2257,21,87,90,0
2258,30,86,90,3
2259,30,84,90,3
2260,29,83,93,2
2261,21,85,91,3
2262,27,87,93,0
2263,19,83,89,3
2264,19,82,94,3
2265,30,84,90,2
2266,20,84,94,4
2267,22,86,92,0
2268,27,81,91,4
2269,21,83,94,3
2270,24,87,93,3
2271,24,87,94,2
2272,20,87,93,3
2273,21,82,94,2
2274,30,81,94,2
2275,20,85,91,2
2276,20,86,93,4
2277,28,81,94,0
2278,18,86,93,1
2279,26,83,94,4
2280,29,83,93,3
2281,18,86,91,4
2282,27,82,90,2
2283,20,83,92,2
2284,19,87,93,5
2285,25,86,94,3
2286,22,86,93,4
2287,30,84,91,5
2288,19,84,89,4
2289,29,84,89,3
2290,19,87,91,4
2291,25,83,94,4
2292,22,87,91,2
2293,22,87,91,1
2294,25,81,91,0
2295,22,85,93,0
2296,21,87,92,1
2297,30,86,89,4
2298,21,86,91,1
2299,29,81,91,3
2300,20,86,92,4
2301,20,86,93,3
2302,28,87,91,2
2303,27,87,94,2
2304,19,86,94,4
2305,23,84,88,0
2306,19,86,93,3
2307,30,85,90,3
2308,19,85,88,0
2309,28,86,91,1
2310,29,84,91,2
2311,22,85,88,4
2312,19,85,90,4
2313,27,84,88,2
2314,21,86,90,0
2315,22,84,94,2
2316,26,82,91,2
2317,22,86,93,2
2318,23,85,94,4
2319,23,86,94,3
2320,23,81,90,0
2321,26,84,94,5
2322,21,86,93,3
2323,19,82,93,2
2324,18,86,93,4
2325,24,81,88,2
2326,19,87,94,4
2327,19,84,94,3
2328,26,86,88,0
2329,23,84,88,2
2330,19,81,88,3
2331,23,85,93,1
2332,21,82,93,3
2333,28,86,94,2
2334,26,81,94,2
2335,25,86,91,4
2336,21,86,92,3
2337,25,85,93,3
2338,21,85,93,2
2339,30,85,92,4
2340,21,81,92,4
2341,18,85,93,2
2342,22,84,89,4
2343,28,86,92,5
2344,25,87,94,4
2345,25,84,90,4
2346,28,84,88,2
2347,19,84,93,1
2348,23,86,93,4
2349,29,86,90,3
2350,22,83,91,3
2351,22,84,89,1
2352,30,82,89,4
2353,26,86,91,4
2354,23,86,89,3
2355,23,87,89,0
2356,26,84,93,5
2357,18,87,90,5
2358,24,84,89,2
2359,29,87,93,2
2360,26,87,90,5
2361,30,86,93,4
2362,28,85,89,3
2363,29,84,90,3
2364,19,87,91,1
2365,25,82,93,5
2366,22,87,91,3
2367,18,84,93,1
2368,18,81,91,2
2369,18,83,94,0
2370,25,83,91,0
2371,28,86,89,4
2372,22,84,90,3
2373,26,86,94,5
2374,28,87,92,4
2375,30,81,94,4
2376,18,86,94,4
2377,21,85,88,2
2378,30,87,90,4
2379,23,87,93,3
2380,19,87,88,3
2381,24,84,90,5
2382,28,84,93,0
2383,25,85,93,3
2384,26,86,91,1
2385,21,87,91,1
2386,18,87,92,3
2387,22,82,88,1
2388,24,87,94,5
2389,20,83,88,4
2390,19,86,89,4
2391,18,87,91,1
2392,18,87,89,4
2393,22,86,90,1
2394,25,87,93,4
2395,20,82,93,0
2396,26,87,91,2
2397,28,87,90,5
2398,26,86,88,2
2399,29,82,90,3
2400,25,81,93,2
2401,29,87,90,1
2402,18,86,91,1
2403,28,86,91,4
2404,21,83,94,2
2405,29,82,93,4
2406,23,84,88,5
2407,28,82,90,4
2408,23,87,94,4
2409,19,87,93,5
2410,27,83,91,4
2411,27,81,93,2
2412,26,84,91,0
2413,26,83,92,4
2414,22,86,94,2
2415,19,83,88,4
2416,28,85,90,4
2417,21,84,94,1
2418,19,87,89,3
2419,27,86,94,5
2420,18,86,88,5
2421,20,83,91,3
2422,30,86,88,2
2423,25,84,94,5
2424,19,84,90,3
2425,26,86,89,0
2426,22,86,89,5
2427,29,84,94,3
2428,24,84,94,2
2429,19,81,88,4
2430,28,84,88,2
2431,26,86,90,2
2432,22,86,94,1
2433,23,86,93,4
2434,30,86,93,4
2435,29,87,91,0
2436,26,84,91,2
2437,20,83,93,3
2438,23,85,91,2
2439,29,87,93,1
2440,29,87,90,4
2441,19,86,93,1
2442,19,87,90,1
2443,20,82,88,3
2444,28,82,90,4
2445,23,85,92,0
2446,18,84,91,4
2447,22,87,91,3
2448,19,87,93,4
2449,28,81,92,2
2450,29,86,88,4
2451,26,84,94,4
2452,30,86,91,0
2453,23,81,94,0
2454,19,83,93,2
2455,21,82,91,2
2456,29,84,90,2
2457,20,86,91,1
2458,26,84,94,3
2459,24,86,93,2
2460,28,83,89,1
2461,20,83,88,4
2462,25,83,89,2
2463,25,87,91,4
2464,30,86,91,0
2465,24,84,94,1
2466,29,84,92,2
2467,23,86,93,4
2468,28,84,88,3
2469,30,84,91,5
2470,21,87,93,0
2471,28,84,90,2
2472,23,85,91,5
2473,18,87,90,3
2474,28,83,91,4
2475,29,84,93,3
2476,25,87,89,1
2477,21,81,93,2
2478,21,86,91,0
2479,29,84,92,4
2480,30,84,94,2
2481,28,85,92,2
2482,28,87,88,0
2483,30,86,90,3
2484,21,86,94,2
2485,22,87,93,4
2486,26,87,94,4
2487,28,84,92,1
2488,27,87,89,4
2489,18,83,90,4
2490,19,86,93,3
2491,29,86,94,5
2492,22,82,93,2
2493,30,87,93,4
2494,20,86,91,0
2495,27,87,89,3
2496,20,87,89,4
2497,28,84,92,0
2498,22,86,94,3
2499,19,87,94,2
2500,20,84,92,1
2501,25,87,92,4
2502,21,81,91,4
2503,22,84,94,4
2504,25,87,93,4
2505,27,87,93,3
2506,18,87,94,1
2507,25,87,91,2
2508,23,87,93,4
2509,18,86,93,4
2510,28,86,91,0
2511,23,85,91,5
2512,21,87,93,3
2513,26,87,90,3
2514,27,81,90,2
2515,26,86,88,2
2516,20,87,90,0
2517,27,82,91,1
2518,20,86,89,4
2519,27,86,94,1
2520,19,84,90,5
2521,22,87,90,2
2522,23,86,89,2
2523,23,81,91,4
2524,30,85,93,1
2525,23,81,90,4
2526,22,85,90,5
2527,19,81,89,3
2528,18,86,94,3
2529,18,86,93,4
2530,23,81,88,0
2531,22,82,93,2
2532,24,82,92,3
2533,29,86,93,3
2534,23,84,91,4
2535,23,87,92,4
2536,24,87,93,2
2537,29,83,91,4
2538,19,82,91,2
2539,22,87,91,4
2540,20,84,91,1
2541,18,86,94,5
2542,27,83,89,4
2543,25,83,91,4
2544,30,84,93,4
2545,28,86,93,4
2546,27,84,91,4
2547,26,86,90,5
2548,22,84,94,3
2549,19,87,92,1
2550,27,86,93,1
2551,25,82,89,2
2552,25,87,92,4
2553,22,83,92,0
2554,26,83,91,1
2555,22,81,90,1
2556,22,86,93,4
2557,22,84,93,4
2558,20,84,93,2
2559,25,82,94,4
2560,29,86,94,1
2561,26,86,89,3
2562,21,87,93,3
2563,25,84,94,2
2564,24,87,93,4
2565,18,85,92,4
2566,29,84,93,3
2567,20,83,90,4
2568,28,82,92,0
2569,29,86,88,3
2570,30,83,93,2
2571,29,87,93,4
2572,24,83,92,5
2573,26,84,93,3
2574,22,85,94,4
2575,22,86,92,5
2576,26,84,92,4
2577,25,84,90,3
2578,24,87,93,4
2579,24,85,92,3
2580,19,84,92,3
2581,18,84,88,5
2582,28,82,90,4
2583,18,84,91,1
2584,22,83,93,3
2585,26,87,93,4
2586,22,87,91,0
2587,25,84,94,0
2588,21,85,88,5
2589,22,82,91,4
2590,27,87,92,4
2591,21,87,94,3
2592,25,83,94,0
2593,28,82,88,0
2594,20,87,89,4
2595,28,84,94,4
2596,25,84,94,2
2597,22,87,88,2
2598,29,86,94,1
2599,25,86,93,4
2600,18,83,91,2
2601,21,85,92,2
2602,21,85,92,2
2603,27,83,91,4
2604,19,81,90,4
2605,24,83,94,5
2606,25,84,93,3
2607,20,84,94,4
2608,28,86,91,4
2609,27,81,91,0
2610,20,84,93,4
2611,25,86,94,5
2612,25,86,94,4
2613,25,87,94,5
2614,19,84,91,0
2615,23,85,91,3
2616,29,86,94,0
2617,20,81,93,3
2618,23,85,93,2
2619,23,84,93,4
2620,29,86,91,5
2621,27,84,92,5
2622,21,85,92,5
2623,25,82,88,5
2624,23,86,89,0
2625,28,86,91,2
2626,27,87,91,4
2627,21,84,93,1
2628,22,82,91,4
2629,20,87,93,1
2630,21,86,92,1
2631,24,85,91,5
2632,18,82,94,2
2633,28,87,90,5
2634,22,87,94,3
2635,30,86,89,0
2636,24,82,93,3
2637,20,84,90,0
2638,26,82,94,2
2639,28,87,91,5
2640,20,81,93,3
2641,20,84,93,3
2642,19,87,88,4
2643,28,83,93,5
2644,20,87,94,4
2645,21,87,90,3
2646,22,82,90,5
2647,29,84,89,5
2648,26,86,93,1
2649,29,82,88,5
2650,21,83,93,4
2651,22,84,91,3
2652,22,81,91,3
2653,21,87,92,4
2654,24,84,94,4
2655,23,82,93,0
2656,22,85,88,4
2657,26,84,90,3
2658,28,83,94,3
2659,21,87,94,0
2660,24,87,94,4
2661,22,83,91,4
2662,30,84,88,3
2663,23,83,88,3
2664,21,87,92,1
2665,20,86,91,5
2666,23,86,94,2
2667,22,85,89,0
2668,25,86,90,4
2669,18,85,89,2
2670,30,85,91,4
2671,23,86,91,4
2672,23,84,93,1
2673,30,82,91,3
2674,26,86,92,4
2675,23,86,88,4
2676,29,87,93,4
2677,23,83,91,0
2678,18,84,88,4
2679,19,84,91,3
2680,18,82,91,4
2681,28,87,88,3
2682,26,81,89,5
2683,27,83,88,4
2684,18,86,88,4
2685,23,86,94,1
2686,20,87,89,2
2687,27,81,90,0
2688,30,87,93,4
2689,28,84,89,5
2690,19,84,93,1
2691,28,86,93,1
2692,20,86,91,4
2693,29,86,93,4
2694,21,84,94,3
2695,18,87,92,1
2696,21,84,91,3
2697,22,86,91,0
2698,20,85,91,2
2699,29,85,94,1
2700,20,86,91,3
2701,18,86,89,1
2702,29,84,90,4
2703,26,86,91,0
2704,23,81,94,4
2705,29,87,89,5
2706,23,84,93,3
2707,29,83,92,0
2708,18,85,89,2
2709,27,84,93,0
2710,20,85,91,1
2711,29,86,91,0
2712,22,84,88,5
2713,26,83,90,2
2714,19,81,94,0
2715,26,86,88,4
2716,22,84,88,4
2717,20,85,93,0
2718,19,85,91,4
2719,26,82,91,3
2720,29,83,92,1
2721,20,87,88,4
2722,22,84,94,2
2723,29,87,93,5
2724,18,86,88,3
2725,30,87,88,4
2726,30,86,93,4
2727,18,85,88,0
2728,24,82,91,1
2729,20,87,94,3
2730,25,86,91,3
2731,25,85,88,1
2732,22,87,91,4
2733,23,86,94,2
2734,25,84,91,5
2735,19,86,88,1
2736,28,86,92,4
2737,29,87,89,3
2738,25,83,91,4
2739,21,86,93,2
2740,26,82,93,2
2741,23,84,92,3
2742,22,82,94,1
2743,28,86,94,5
2744,28,82,91,2
2745,30,83,94,4
2746,27,86,91,0
2747,23,85,90,1
2748,23,85,91,1
2749,28,82,94,4
2750,26,81,91,4
2751,19,87,89,4
2752,23,87,91,2
2753,26,81,91,4
2754,27,84,91,4
2755,18,86,91,3
2756,26,84,88,1
2757,21,86,89,5
2758,30,83,90,5
2759,27,82,94,2
2760,25,85,91,3
2761,29,86,93,2
2762,24,87,93,0
2763,23,87,94,5
2764,29,86,91,5
2765,27,84,93,4
2766,22,86,94,3
2767,19,83,88,4
2768,28,86,94,4
2769,22,82,91,2
2770,19,82,94,2
2771,21,87,94,1
2772,22,87,91,3
2773,22,87,89,4
2774,19,87,93,4
2775,19,82,90,0
2776,25,84,92,1
2777,19,85,89,4
2778,20,87,94,3
2779,30,82,94,3
2780,19,81,94,2
2781,18,87,91,2
2782,28,81,91,2
2783,24,86,91,1
2784,20,82,93,2
2785,23,87,88,4
2786,27,86,90,4
2787,20,86,90,4
2788,28,85,90,2
2789,27,87,94,4
2790,19,85,94,2
2791,29,84,94,5
2792,21,85,90,5
2793,18,83,88,3
2794,28,81,88,5
2795,26,87,93,1
2796,25,82,91,4
2797,30,87,91,5
2798,28,84,93,3
2799,22,82,89,1
2800,21,87,94,4
2801,18,87,91,2
2802,21,87,94,4
2803,25,83,93,3
2804,23,87,94,0
2805,26,82,93,3
2806,28,87,90,1
2807,23,84,94,4
2808,27,83,90,3
2809,25,85,94,5
2810,19,86,94,3
2811,18,87,92,4
2812,29,83,89,4
2813,25,81,89,0
2814,20,83,88,4
2815,20,84,90,2
2816,19,86,92,4
2817,29,83,89,2
2818,30,81,90,4
2819,19,86,93,3
2820,21,87,94,3
2821,29,82,91,2
2822,26,84,94,4
2823,30,86,89,1
2824,23,84,92,1
2825,25,84,93,4
2826,25,86,94,2
2827,29,87,90,2
2828,24,87,91,4
2829,26,87,93,3
2830,25,86,94,4
2831,23,82,90,2
2832,25,87,88,4
2833,22,83,90,2
2834,22,85,93,2
2835,20,85,94,3
2836,18,83,93,2
2837,19,87,94,5
2838,24,81,93,0
2839,26,84,91,3
2840,18,84,93,1
2841,26,83,88,4
2842,20,84,92,3
2843,28,87,94,2
2844,18,83,92,4
2845,24,84,93,4
2846,19,81,92,4
2847,27,87,89,2
2848,26,83,94,5
2849,26,85,91,2
2850,22,87,90,3
2851,24,82,92,4
2852,19,81,93,2
2853,19,84,94,1
2854,29,87,91,1
2855,18,85,91,1
2856,30,87,92,4
2857,23,82,91,1
2858,21,84,89,4
2859,29,87,91,5
2860,19,86,94,2
2861,25,83,94,2
2862,19,86,91,5
2863,26,86,91,2
2864,19,81,94,1
2865,22,83,92,4
2866,20,82,90,4
2867,18,87,88,4
2868,22,84,93,5
2869,27,85,91,0
2870,21,81,94,5
2871,30,85,92,4
2872,27,87,93,3
2873,27,82,90,4
2874,30,86,91,1
2875,20,86,91,1
2876,23,84,92,3
2877,21,81,88,4
2878,19,83,92,4
2879,26,87,89,4
2880,30,84,93,5
2881,19,84,91,3
2882,22,86,92,1
2883,18,81,89,2
2884,29,87,93,4
2885,23,84,91,3
2886,26,84,91,0
2887,20,82,89,3
2888,28,86,90,4
2889,19,83,90,3
2890,22,86,91,4
2891,19,84,93,3
2892,28,87,90,4
2893,23,84,91,4
2894,27,86,88,1
2895,21,86,94,3
2896,19,83,93,4
2897,23,87,92,3
2898,21,87,91,4
2899,22,86,94,0
2900,27,84,88,3
2901,25,83,92,3
2902,20,87,94,0
2903,30,85,89,3
2904,22,82,93,5
2905,23,82,91,1
2906,22,84,91,4
2907,24,85,94,0
2908,26,83,94,1
2909,27,81,90,4
2910,25,82,93,5
2911,25,85,91,5
2912,23,86,93,4
2913,28,86,89,2
2914,30,84,93,4
2915,28,85,90,4
2916,20,87,90,5
2917,23,87,91,2
2918,24,87,93,3
2919,29,84,89,1
2920,23,84,89,5
2921,20,84,93,5
2922,30,87,93,3
2923,20,84,92,2
2924,26,86,89,5
2925,19,87,93,2
2926,21,87,93,4
2927,25,84,91,4
2928,26,84,94,3
2929,28,84,88,2
2930,19,86,91,3
2931,20,81,93,3
2932,20,84,88,4
2933,26,87,88,2
2934,26,87,94,3
2935,24,84,94,4
2936,24,84,89,3
2937,26,81,94,3
2938,19,84,88,2
2939,26,84,91,3
2940,20,82,91,2
2941,23,86,94,0
2942,22,87,93,2
2943,23,84,93,4
2944,26,87,94,3
2945,24,85,92,2
2946,20,82,93,2
2947,24,83,94,4
2948,26,85,92,4
2949,26,81,91,1
2950,24,81,88,1
2951,18,87,94,0
2952,23,86,94,3
2953,23,85,92,4
2954,23,83,94,2
2955,23,82,93,3
2956,28,86,93,5
2957,22,84,88,4
2958,26,84,94,2
2959,21,84,93,4
2960,29,87,94,2
2961,22,83,91,3
2962,26,81,91,4
2963,22,86,91,2
2964,25,86,91,3
2965,29,82,91,2
2966,29,85,93,4
2967,21,87,93,4
2968,20,82,93,4
2969,22,86,89,4
2970,21,87,94,3
2971,18,81,92,0
2972,19,82,91,0
2973,18,83,94,0
2974,28,82,94,0
2975,19,83,94,0
2976,21,82,92,5
2977,26,86,93,1
2978,24,84,90,4
2979,21,87,88,4
2980,24,82,93,5
2981,23,81,94,1
2982,24,83,93,4
2983,23,87,94,0
2984,29,81,93,2
2985,23,83,92,3
2986,29,84,94,2
2987,20,81,91,4
2988,19,84,92,0
2989,29,84,94,4
2990,23,86,94,2
2991,18,83,91,4
2992,26,83,94,4
2993,28,85,91,2
2994,30,85,90,1
2995,23,86,88,3
2996,25,84,92,4
2997,25,87,93,2
2998,19,84,91,5
2999,23,84,91,3
3000,23,87,91,4
3001,29,86,93,3
3002,24,83,88,0
3003,23,83,91,4
3004,30,81,89,5
3005,29,86,94,0
3006,27,84,90,1
3007,23,84,88,4
3008,28,87,90,2
3009,25,81,91,2
3010,26,84,88,0
3011,26,85,94,4
3012,30,87,91,3
3013,23,86,90,2
3014,22,86,89,2
3015,29,84,93,0
3016,21,83,88,1
3017,19,82,91,2
3018,20,86,89,4
3019,20,86,91,0
3020,30,86,94,0
3021,30,83,91,3
3022,25,86,93,2
3023,22,83,93,2
3024,28,83,92,4
3025,21,84,93,4
3026,19,81,90,4
3027,26,83,91,5
3028,18,81,94,0
3029,24,86,91,3
3030,27,84,91,5
3031,25,84,93,1
3032,21,82,92,4
3033,20,81,93,1
3034,18,85,93,5
3035,27,86,93,3
3036,19,85,94,4
3037,23,86,93,0
3038,20,82,93,2
3039,21,86,88,2
3040,26,87,92,4
3041,24,86,90,4
3042,27,84,93,4
3043,28,87,92,2
3044,18,87,93,1
3045,19,82,93,3
3046,20,86,89,3
3047,19,83,90,2
3048,21,84,91,1
3049,18,81,94,0
3050,19,86,92,2
3051,21,87,93,1
3052,26,81,90,3
3053,24,82,90,3
3054,25,83,91,1
3055,29,84,94,4
3056,22,83,91,4
3057,25,83,88,4
3058,28,84,89,3
3059,24,87,93,3
3060,20,86,93,5
3061,19,84,89,3
3062,23,84,94,2
3063,26,86,91,5
3064,18,84,93,3
3065,24,82,94,4
3066,19,84,94,1
3067,27,87,94,3
3068,30,82,89,5
3069,30,87,88,2
3070,22,86,93,0
3071,18,87,91,2
3072,25,81,93,2
3073,22,84,89,3
3074,26,83,94,2
3075,24,82,90,0
3076,29,84,94,3
3077,22,84,88,3
3078,27,85,93,1
3079,19,82,92,0
3080,29,86,92,4
3081,24,86,94,3
3082,22,85,89,2
3083,21,81,94,1
3084,26,82,93,4
3085,24,87,90,4
3086,25,86,94,3
3087,26,84,89,4
3088,30,83,92,4
3089,28,84,88,3
3090,29,83,91,0
3091,18,86,93,1
3092,30,86,93,4
3093,18,83,94,3
3094,28,82,89,1
3095,21,84,90,3
3096,23,87,91,4
3097,23,87,93,4
3098,24,86,92,5
3099,24,82,89,5
3100,28,85,91,4
3101,18,83,93,3
3102,18,87,94,3
3103,30,84,91,4
3104,20,87,94,1
3105,28,86,88,2
3106,30,87,94,2
3107,24,87,89,3
3108,19,87,94,3
3109,30,87,91,0
3110,25,87,94,2
3111,27,87,94,2
3112,30,86,94,0
3113,18,81,94,2
3114,23,86,94,4
3115,30,85,91,0
3116,20,84,94,3
3117,26,81,94,1
3118,25,87,94,4
3119,30,82,92,3
3120,19,84,93,2
3121,18,87,94,3
3122,20,87,93,5
3123,26,84,93,5
3124,24,86,93,4
3125,29,84,90,2
3126,26,86,89,3
3127,25,82,94,4
3128,28,84,91,1
3129,26,86,88,3
3130,28,81,91,3
3131,30,81,93,4
3132,19,82,89,3
3133,27,86,92,0
3134,23,85,91,5
3135,24,86,94,2
3136,19,87,93,0
3137,20,82,90,1
3138,18,84,94,4
3139,29,83,93,5
3140,30,87,88,0
3141,21,81,91,2
3142,19,84,88,1
3143,30,84,88,4
3144,23,86,94,0
3145,30,86,93,2
3146,24,86,93,3
3147,25,81,91,3
3148,20,81,93,4
3149,25,87,94,2
3150,24,82,91,5
3151,20,82,94,4
3152,18,86,88,4
3153,21,83,94,0
3154,19,85,94,2
3155,20,83,94,4
3156,24,87,90,3
3157,25,81,93,2
3158,30,81,93,4
3159,18,84,90,4
3160,26,86,94,0
3161,19,86,94,0
3162,25,86,92,3
3163,28,83,91,2
3164,25,83,93,5
3165,26,87,93,3
3166,25,87,91,2
3167,30,85,88,1
3168,25,84,89,2
3169,20,85,94,5
3170,29,85,93,4
3171,30,87,92,2
3172,21,82,91,2
3173,28,87,92,3
3174,23,87,94,0
3175,18,85,91,2
3176,18,81,92,4
3177,20,87,90,2
3178,20,87,88,2
3179,23,86,94,2
3180,24,84,94,3
3181,28,84,94,5
3182,27,87,88,0
3183,24,87,94,2
3184,29,86,92,5
3185,22,84,92,3
3186,21,86,88,1
3187,28,82,89,1
3188,27,84,91,2
3189,26,83,91,3
3190,18,86,94,3
3191,20,81,91,1
3192,20,86,91,3
3193,21,87,91,4
3194,27,81,91,2
3195,22,84,90,2
3196,25,83,90,4
3197,27,81,88,0
3198,29,85,91,2
3199,23,86,91,4
3200,30,87,89,2
3201,24,87,93,5
3202,26,82,91,4
3203,24,86,93,3
3204,28,86,92,2
3205,23,86,91,1
3206,21,86,93,3
3207,19,82,93,2
3208,28,84,94,1
3209,23,85,91,2
3210,28,81,90,4
3211,29,87,91,1
3212,21,87,94,0
3213,20,86,94,3
3214,28,85,93,3
3215,20,86,89,3
3216,25,84,92,3
3217,28,83,88,5
3218,20,81,93,2
3219,23,87,94,4
3220,23,84,94,3
3221,25,86,89,4
3222,22,84,93,2
3223,18,86,94,3
3224,20,81,93,2
3225,23,87,93,1
3226,24,82,93,2
3227,29,82,94,4
3228,25,84,90,5
3229,26,87,91,2
3230,18,85,94,0
3231,20,86,89,4
3232,27,84,94,4
3233,18,84,89,0
3234,26,86,90,3
3235,23,86,88,4
3236,24,87,88,4
3237,21,86,91,2
3238,29,87,93,4
3239,18,81,92,4
3240,18,84,92,1
3241,18,86,94,0
3242,29,82,90,3
3243,30,87,92,3
3244,24,87,94,3
3245,25,85,89,2
3246,29,83,91,1
3247,30,86,89,4
3248,26,87,93,5
3249,26,86,92,5
3250,27,84,94,2
3251,20,81,91,3
3252,26,85,91,4
3253,24,87,91,3
3254,24,84,89,4
3255,28,87,92,3
3256,25,83,90,4
3257,26,87,93,1
3258,24,86,93,2
3259,30,83,94,4
3260,29,84,94,3
3261,20,81,89,1
3262,20,85,93,2
3263,18,84,88,4
3264,27,86,94,2
3265,21,87,90,2
3266,30,85,93,1
3267,30,84,94,5
3268,24,87,91,2
3269,30,87,90,3
3270,25,86,92,4
3271,24,86,93,1
3272,25,87,91,0
3273,24,86,91,0
3274,26,85,93,2
3275,27,87,88,4
3276,19,85,93,0
3277,24,86,94,2
3278,28,86,90,2
3279,23,85,89,3
3280,18,83,93,4
3281,26,85,88,2
3282,22,85,90,2
3283,29,83,89,0
3284,26,87,91,4
3285,20,87,94,3
3286,24,85,94,3
3287,18,83,94,2
3288,26,82,94,3
3289,26,83,91,1
3290,26,86,94,4
3291,18,86,93,5
3292,27,84,91,4
3293,18,82,88,1
3294,25,85,93,5
3295,20,83,88,4
3296,20,87,88,1
3297,22,86,94,4
3298,21,81,91,3
3299,20,83,94,2
3300,27,83,92,5
3301,25,84,94,4
3302,20,84,93,2
3303,24,84,92,3
3304,25,83,91,4
3305,23,83,93,3
3306,29,82,88,4
3307,26,86,93,3
3308,18,86,92,1
3309,25,81,93,4
3310,18,86,90,4
3311,23,83,93,3
3312,25,86,88,1
3313,22,83,93,4
3314,18,86,94,4
3315,19,84,89,5
3316,21,82,90,3
3317,26,81,93,2
3318,20,82,91,3
3319,20,81,93,5
3320,20,87,89,4
3321,18,83,90,2
3322,19,84,90,3
3323,30,81,94,0
3324,19,85,89,3
3325,19,84,93,4
3326,20,82,91,5
3327,26,86,91,3
3328,29,83,94,3
3329,20,81,91,2
3330,18,83,89,0
3331,24,87,88,3
3332,21,84,93,4
3333,21,87,88,5
3334,28,87,89,5
3335,26,87,91,4
3336,19,84,91,4
3337,29,86,89,4
3338,28,84,93,1
3339,19,84,90,1
3340,23,83,91,2
3341,29,86,90,4
3342,29,82,93,3
3343,18,87,93,0
3344,20,86,88,3
3345,21,85,94,2
3346,20,87,91,4
3347,26,84,91,2
3348,24,83,94,4
3349,30,86,91,3
3350,21,86,94,2
3351,29,87,93,2
3352,27,81,93,0
3353,23,84,88,3
3354,24,84,89,2
3355,20,86,90,3
3356,29,85,94,4
3357,28,86,93,2
3358,24,87,88,4
3359,20,85,94,2
3360,30,81,94,2
3361,25,84,91,3
3362,21,84,91,2
3363,27,82,88,1
3364,23,86,94,4
3365,22,85,88,0
3366,18,86,89,4
3367,25,81,93,3
3368,30,81,88,4
3369,28,84,91,4
3370,21,84,94,2
3371,23,86,88,4
3372,30,83,92,4
3373,27,83,91,3
3374,24,83,94,5
3375,27,83,94,0
3376,25,86,94,2
3377,20,84,88,4
3378,27,86,94,2
3379,28,84,90,2
3380,24,87,88,5
3381,29,81,91,1
3382,19,83,92,0
3383,22,84,90,3
3384,22,86,91,4
3385,26,84,93,5
3386,29,83,88,4
3387,21,85,88,3
3388,21,81,91,4
3389,19,81,90,0
3390,20,87,91,1
3391,28,87,94,3
3392,30,85,90,4
3393,30,84,92,3
3394,25,83,94,4
3395,20,83,88,4
3396,22,87,92,1
3397,19,85,88,5
3398,21,83,94,4
3399,28,84,88,4
3400,30,87,91,4
3401,21,81,94,1
3402,25,84,88,2
3403,30,83,90,4
3404,24,86,94,3
3405,25,86,92,4
3406,25,85,93,3
3407,21,81,91,0
3408,19,86,93,0
3409,26,83,91,0
3410,26,81,90,4
3411,28,81,92,2
3412,20,86,92,2
3413,22,81,91,3
3414,25,84,91,4
3415,25,84,91,5
3416,21,84,94,0
3417,30,86,90,3
3418,27,81,94,0
3419,26,84,93,1
3420,28,82,91,1
3421,30,87,92,1
3422,19,86,93,3
3423,23,84,91,5
3424,28,81,89,1
3425,25,83,88,2
3426,19,87,91,2
3427,25,84,94,3
3428,23,84,88,3
3429,27,83,94,4
3430,30,85,93,3
3431,21,84,94,2
3432,23,82,88,3
3433,26,86,91,1
3434,29,82,91,2
3435,23,85,91,4
3436,18,84,93,4
3437,21,87,91,1
3438,30,85,89,2
3439,30,84,94,0
3440,19,81,93,3
3441,26,84,91,0
3442,24,82,91,2
3443,27,85,93,4
3444,27,83,93,3
3445,28,85,91,4
3446,27,84,94,4
3447,23,84,90,4
3448,20,84,92,4
3449,27,87,90,1
3450,28,85,90,2
3451,23,87,91,2
3452,27,84,90,3
3453,21,85,93,4
3454,28,85,88,5
3455,27,85,88,1
3456,28,82,93,4
3457,29,87,92,2
3458,21,87,93,2
3459,25,84,93,0
3460,30,87,88,4
3461,20,85,92,4
3462,28,86,91,4
3463,19,87,89,5
3464,18,82,93,1
3465,21,84,93,2
3466,19,84,91,4
3467,27,87,91,5
3468,30,81,92,3
3469,23,87,94,4
3470,29,84,90,4
3471,26,84,91,3
3472,18,86,90,2
3473,20,86,93,3
3474,21,87,94,4
3475,20,81,90,2
3476,28,87,91,4
3477,21,85,90,4
3478,30,81,90,2
3479,29,87,94,5
3480,18,84,94,2
3481,24,84,91,5
3482,19,87,93,0
3483,27,87,94,5
3484,25,87,94,4
3485,18,82,94,0
3486,24,83,90,4
3487,27,83,89,5
3488,25,84,91,2
3489,23,86,89,2
3490,30,84,90,3
3491,28,81,93,2
3492,26,84,88,2
3493,25,87,91,4
3494,28,87,93,1
3495,22,86,93,4
3496,23,81,92,4
3497,18,81,89,3
3498,28,83,91,4
3499,23,87,88,3
3500,26,83,94,4
3501,25,86,94,3
3502,20,81,89,4
3503,20,81,94,2
3504,22,85,94,3
3505,27,87,91,3
3506,27,81,93,4
3507,29,83,92,3
3508,19,86,94,4
3509,25,86,94,4
3510,23,83,88,3
3511,22,86,90,4
3512,22,87,94,0
3513,21,86,94,0
3514,29,86,91,3
3515,18,84,94,2
3516,18,86,89,3
3517,20,84,91,4
3518,29,82,89,2
3519,30,86,93,3
3520,20,81,90,4
3521,24,87,92,2
3522,29,86,94,2
3523,19,86,89,0
3524,18,83,92,1
3525,30,85,93,2
3526,24,86,88,1
3527,23,86,91,2
3528,23,85,94,2
3529,24,87,89,2
3530,26,87,91,4
3531,19,84,94,3
3532,26,82,90,5
3533,24,84,94,3
3534,19,87,94,1
3535,26,86,94,5
3536,30,87,91,2
3537,23,86,90,3
3538,29,87,90,3
3539,27,84,94,2
3540,20,84,92,2
3541,19,87,90,5
3542,19,81,90,4
3543,21,83,94,4
3544,26,86,92,5
3545,22,86,89,2
3546,23,87,92,1
3547,19,83,93,5
3548,28,84,91,5
3549,19,86,89,1
3550,21,84,94,5
3551,26,86,89,5
3552,24,87,91,3
3553,24,87,92,4
3554,28,86,90,3
3555,23,84,94,4
3556,19,84,94,2
3557,24,84,93,1
3558,28,82,94,5
3559,20,87,89,4
3560,22,82,92,4
3561,18,86,93,1
3562,26,87,89,4
3563,19,82,93,0
3564,22,83,91,3
3565,25,87,94,4
3566,21,81,94,5
3567,22,81,94,3
3568,20,85,91,3
3569,23,83,93,0
3570,27,81,93,1
3571,19,84,94,5
3572,18,81,89,2
3573,20,85,94,1
3574,26,87,94,4
3575,29,86,88,2
3576,26,83,89,2
3577,25,81,91,1
3578,20,84,93,4
3579,18,82,94,2
3580,25,86,94,1
3581,18,83,90,4
3582,28,86,91,1
3583,28,83,93,4
3584,26,87,94,2
3585,26,87,92,1
3586,25,81,93,4
3587,30,85,88,4
3588,28,87,93,1
3589,23,82,92,4
3590,26,87,92,2
3591,20,86,89,2
3592,19,83,93,2
3593,20,86,91,4
3594,23,83,94,0
3595,24,81,88,2
3596,30,86,88,0
3597,30,87,94,3
3598,23,83,91,2
3599,20,82,94,3
3600,28,86,93,1
3601,19,83,92,1
3602,26,84,94,0
3603,18,85,88,1
3604,24,87,92,1
3605,26,87,89,4
3606,30,87,90,1
3607,27,87,94,2
3608,27,84,92,2
3609,24,85,93,5
3610,27,87,90,5
3611,26,82,90,5
3612,29,86,91,2
3613,30,86,93,1
3614,23,84,94,1
3615,22,86,93,2
3616,18,84,90,4
3617,29,84,91,4
3618,20,81,93,2
3619,28,84,93,4
3620,28,86,94,3
3621,25,87,93,5
3622,23,83,93,2
3623,26,86,89,1
3624,23,87,93,4
3625,21,84,92,2
3626,24,86,91,4
3627,29,86,94,3
3628,30,86,89,2
3629,30,83,94,4
3630,20,81,90,4
3631,22,87,88,3
3632,25,86,94,1
3633,18,84,88,2
3634,26,83,93,2
3635,27,81,93,5
3636,21,85,94,3
3637,21,83,90,5
3638,22,83,94,3
3639,18,85,91,2
3640,30,86,94,2
3641,30,87,91,2
3642,19,84,93,0
3643,22,86,94,5
3644,26,86,89,3
3645,18,87,94,1
3646,30,81,89,4
3647,22,82,94,0
3648,19,86,91,3
3649,22,84,94,2
3650,23,84,92,4
3651,27,82,92,3
3652,21,86,93,4
3653,24,87,88,1
3654,30,86,94,3
3655,21,83,88,3
3656,20,87,89,5
3657,25,85,90,2
3658,20,85,88,2
3659,28,85,91,0
3660,23,84,89,5
3661,25,82,90,3
3662,19,87,94,3
3663,27,83,90,4
3664,20,81,88,3
3665,29,82,92,0
3666,27,86,93,4
3667,20,84,88,2
3668,20,84,91,2
3669,30,81,92,2
3670,30,86,94,0
3671,22,86,88,2
3672,20,87,90,5
3673,30,87,89,4
3674,18,84,94,4
3675,18,84,93,4
3676,21,86,93,5
3677,23,87,90,4
3678,20,82,90,2
3679,19,84,94,0
3680,18,83,92,4
3681,28,85,89,3
3682,30,84,93,3
3683,29,86,92,0
3684,29,82,94,2
3685,21,84,91,2
3686,25,82,94,4
3687,19,81,94,5
3688,26,87,89,5
3689,28,82,91,1
3690,27,87,93,3
3691,29,84,92,5
3692,20,84,90,2
3693,28,83,90,1
3694,25,87,94,4
3695,28,84,94,3
3696,22,85,93,4
3697,20,86,91,2
3698,21,86,91,3
3699,28,82,94,4
3700,21,82,90,4
3701,24,86,93,1
3702,22,86,94,2
3703,20,86,93,3
3704,22,83,93,3
3705,29,83,89,2
3706,24,86,88,1
3707,23,86,91,0
3708,28,82,91,2
3709,21,86,92,1
3710,23,82,91,0
3711,28,82,94,2
3712,28,85,90,0
3713,23,82,93,3
3714,25,84,91,4
3715,30,81,92,0
3716,22,81,92,1
3717,30,84,93,4
3718,19,86,91,2
3719,28,84,93,4
3720,20,86,94,3
3721,30,86,94,2
3722,30,85,93,4
3723,29,86,90,5
3724,26,86,88,3
3725,30,86,94,4
3726,26,86,91,2
3727,28,82,93,4
3728,23,87,94,3
3729,22,87,93,3
3730,27,84,91,3
3731,22,85,93,3
3732,21,83,94,4
3733,30,87,94,2
3734,19,84,93,3
3735,26,81,91,2
3736,22,86,91,4
3737,28,85,94,4
3738,24,85,88,4
3739,27,86,94,1
3740,28,86,89,5
3741,22,87,89,3
3742,22,86,91,0
3743,29,81,93,0
3744,27,84,94,4
3745,26,83,88,2
3746,25,82,88,2
3747,28,87,94,5
3748,29,85,93,2
3749,23,84,90,2
3750,19,84,90,2
3751,22,86,90,4
3752,22,81,90,2
3753,21,87,90,4
3754,29,85,89,5
3755,21,87,91,3
3756,27,81,93,2
3757,27,84,94,4
3758,27,83,91,1
3759,24,81,93,3
3760,20,84,93,1
3761,19,81,94,2
3762,23,83,90,4
3763,26,82,94,5
3764,19,84,93,4
3765,22,87,94,3
3766,24,85,91,0
3767,27,81,91,4
3768,18,84,91,5
3769,24,83,92,4
3770,19,84,91,2
3771,30,84,92,4
3772,26,87,91,0
3773,20,83,94,1
3774,25,87,93,4
3775,28,82,89,2
3776,18,86,91,3
3777,18,81,93,3
3778,28,86,94,4
3779,22,83,94,2
3780,25,83,89,4
3781,20,83,93,1
3782,28,84,93,3
3783,22,86,91,3
3784,29,87,89,3
3785,30,86,94,3
3786,23,84,93,0
3787,20,83,90,3
3788,26,83,92,4
3789,29,87,93,4
3790,29,85,91,5
3791,25,87,93,2
3792,27,86,94,1
3793,18,82,94,3
3794,23,86,91,5
3795,26,84,93,0
3796,27,87,92,4
3797,24,83,90,3
3798,18,84,88,3
3799,28,87,92,4
3800,18,83,91,2
3801,18,84,90,4
3802,24,87,91,4
3803,26,86,90,5
3804,27,81,94,5
3805,29,86,90,4
3806,26,81,90,4
3807,28,83,88,4
3808,26,87,88,2
3809,26,86,89,3
3810,27,86,94,2
3811,30,82,94,3
3812,23,82,93,5
3813,26,82,91,4
3814,23,84,92,2
3815,29,85,91,4
3816,18,82,94,2
3817,22,87,91,2
3818,20,86,93,3
3819,25,87,92,2
3820,27,87,94,2
3821,26,83,88,1
3822,29,83,94,0
3823,23,84,94,1
3824,25,87,91,4
3825,26,84,89,3
3826,27,84,93,5
3827,26,87,88,2
3828,25,83,89,5
3829,27,86,89,4
3830,22,86,88,5
3831,26,86,93,5
3832,30,86,93,1
3833,29,86,90,0
3834,23,81,94,0
3835,23,86,91,5
3836,28,84,93,3
3837,27,81,92,3
3838,19,82,91,3
3839,26,87,94,2
3840,23,84,93,1
3841,25,83,93,1
3842,24,86,94,1
3843,19,87,91,3
3844,24,85,94,4
3845,22,82,94,1
3846,24,85,90,4
3847,22,83,91,4
3848,29,86,91,4
3849,19,86,90,4
3850,25,87,91,4
3851,28,81,91,0
3852,26,83,88,0
3853,26,83,91,0
3854,19,87,92,2
3855,27,84,93,4
3856,29,87,93,2
3857,30,84,94,3
3858,25,86,94,3
3859,25,86,93,4
3860,19,81,89,4
3861,27,87,93,4
3862,24,84,88,2
3863,29,85,94,4
3864,19,84,92,0
3865,28,86,91,2
3866,24,84,90,2
3867,23,87,94,5
3868,22,87,93,4
3869,25,84,90,3
3870,24,87,92,4
3871,20,82,92,4
3872,19,81,91,5
3873,27,87,89,1
3874,28,81,92,4
3875,21,82,89,5
3876,26,85,89,0
3877,29,83,91,0
3878,23,84,92,2
3879,20,81,91,1
3880,20,84,88,1
3881,25,86,94,4
3882,27,87,90,3
3883,22,87,91,4
3884,27,84,88,2
3885,27,86,93,3
3886,25,85,92,1
3887,18,84,93,4
3888,27,81,93,4
3889,20,84,91,2
3890,27,86,93,4
3891,19,85,94,0
3892,19,87,92,0
3893,30,87,91,5
3894,21,87,94,5
3895,28,87,93,4
3896,27,87,90,0
3897,28,87,90,0
3898,23,86,94,5
3899,21,84,93,3
3900,24,85,91,3
3901,22,84,93,4
3902,29,86,94,2
3903,24,84,88,3
3904,27,87,88,3
3905,21,86,90,2
3906,21,84,94,4
3907,29,81,92,4
3908,28,84,91,1
3909,26,86,91,2
3910,27,86,90,2
3911,25,84,92,2
3912,29,84,89,0
3913,22,87,91,1
3914,27,86,94,0
3915,26,87,88,2
3916,27,85,90,3
3917,24,81,90,2
3918,27,87,94,3
3919,27,82,94,3
3920,24,83,93,5
3921,20,83,90,4
3922,30,84,88,5
3923,22,87,94,4
3924,28,84,94,4
3925,29,86,94,1
3926,29,87,94,3
3927,30,86,91,0
3928,30,84,93,4
3929,23,84,91,1
3930,26,84,91,5
3931,25,87,93,2
3932,19,81,94,2
3933,28,87,93,3
3934,29,87,90,3
3935,23,84,88,2
3936,24,84,88,3
3937,28,81,93,4
3938,21,87,89,4
3939,28,87,93,3
3940,29,84,88,4
3941,24,84,91,3
3942,23,84,92,0
3943,30,81,93,4
3944,21,84,94,5
3945,21,86,93,2
3946,21,84,91,4
3947,19,83,93,4
3948,18,84,93,4
3949,26,85,88,4
3950,20,86,91,4
3951,28,84,88,2
3952,24,85,88,3
3953,29,81,93,2
3954,24,84,92,3
3955,24,86,88,4
3956,18,86,92,2
3957,23,84,88,4
3958,26,86,90,0
3959,23,87,91,3
3960,24,81,91,0
3961,29,84,94,4
3962,29,84,91,4
3963,30,86,92,3
3964,30,87,92,3
3965,23,86,93,4
3966,19,81,94,2
3967,28,87,93,3
3968,24,82,94,4
3969,23,84,92,4
3970,19,85,93,4
3971,18,86,94,1
3972,24,86,90,4
3973,30,84,91,3
3974,20,84,88,5
3975,26,81,92,4
3976,18,84,90,2
3977,24,81,93,2
3978,23,81,94,0
3979,24,84,89,1
3980,25,81,89,4
3981,22,84,94,5
3982,29,86,91,3
3983,28,82,93,3
3984,19,83,92,4
3985,20,82,94,2
3986,26,84,89,5
3987,26,85,93,2
3988,18,84,93,5
3989,30,81,91,3
3990,21,86,94,2
3991,20,84,92,2
3992,22,83,91,0
3993,21,82,92,2
3994,24,87,91,1
3995,24,86,94,3
3996,21,84,89,5
3997,27,87,92,4
3998,28,85,90,4
3999,27,82,90,0
