0,30,19,18,23,22,29
1,47,38,40,36,34
2,23,28,24
3,55,58,53,62,69
4,79,76,77,74,75,73,78
5,36,47,33
6,71,49,65
7,71,57,52,55,72,66
8,12,15,16
9,75,73,80,77,79,76
10,10,13,12,16,14,9
11,17,23,22,31,26,30
12,37,34,38,41,35
13,25,27,18,28,22,30,29
14,20,19,27,26
15,44,39,35,48,41
16,63,55,56,58
17,66,59,53
18,38,43,44
19,11,15,13,12
20,40,47,34,38,46,35,44
21,30,21,17,19,27,26
22,57,65,64,50,63,66
23,6,8,5
24,23,17,20,25
25,56,60,59,64,58
26,24,27,30,20,26
27,52,64,54,63,61,65
28,21,31,22
29,70,62,56,72,60
30,55,59,62,53,63,57,64
31,6,3,4,1
32,35,43,33,45,36
33,34,35,39,37,46,36
34,39,38,41,47
35,74,77,76,79,78,75,73
36,70,62,59,64,65,57
37,56,58,52,71,69,70
38,68,55,52
39,8,6,4
40,12,9,10,13,16,15,14
41,48,42,34,45,41,47,39
42,42,41,34,45
43,31,21,22,28,20
44,44,45,39,36,37,47,48
45,78,73,76
46,53,67,54,52
47,21,18,17,31,30,27,20
48,35,36,38
49,33,39,43,46,37,34
50,9,13,12,14,15,11,16
51,20,17,19,26,21
52,41,42,40,47
53,74,77,78,76
54,68,55,51,53
55,29,24,22,20,26,17,30
56,59,63,60
57,28,26,23
58,29,28,20
59,67,53,63,58,55,51,60
60,7,5,8,2,4,6
61,5,4,3,7,1
62,66,68,56
63,53,66,59
64,58,53,61,69
65,20,23,27
66,48,41,38,43
67,68,63,52,49
68,77,75,73,80,76
69,1,8,2,5,6
70,54,49,72
71,11,16,15
72,53,72,61,57,70,69
73,44,34,48,39
74,66,58,52,64
75,66,65,68,63,71
76,47,41,45,42
77,28,22,23,21
78,73,78,75,80,77,79,76
79,28,32,29,22,20,19,23
80,58,68,66,69
81,2,5,8,1,4,3
82,68,63,51
83,49,67,62,72
84,74,79,75,77,76,73,80
85,41,36,43,47,48
86,70,60,71,58,49
87,31,25,29,26,22
88,79,80,75,77
89,31,30,27,22,20,26,21
90,77,76,75,79
91,15,12,11,10,14,13
92,42,41,34,40,43,46
93,33,43,48,47,37,40,45
94,52,72,49
95,15,11,14,10
96,55,66,68,64,56,58,65
97,53,64,54,49,56,68
98,57,63,69,66
99,19,31,21,18
100,79,73,75,80,77
101,28,26,18,24,22,20,19
102,76,73,80,75,79,78
103,73,77,75
104,30,17,25,29,20
105,48,33,41,34
106,50,63,66
107,31,19,25,17,28
108,19,18,32,22,28
109,44,37,33,34,40
110,31,22,21,29,18,32,27
111,71,68,63,60
112,14,9,15,12,11,13,10
113,72,57,68
114,71,52,58,65
115,78,80,77,73
116,11,16,9,10,13,15
117,80,77,76,74,75,78,73
118,53,68,54,57,67,51,72
119,23,32,28,27,18,30,31
120,51,53,57
121,64,65,70,55,67,71
122,38,42,46,44,41,34,35
123,46,41,34,44,42
124,19,30,31
125,17,26,25,32,30,23
126,3,8,6,4
127,2,8,6,4,5,7
128,71,50,65,56,52,51
129,30,32,28,25,19,23
130,25,29,22,21,26,20,17
131,54,62,60,64
132,65,50,55,57,58,54
133,46,35,41,37,34,36
134,49,61,69,66,53,63,52
135,23,19,29,28,30
136,30,21,25,26,29,23
137,13,11,16
138,59,72,69,62,66
139,30,24,21,19
140,13,14,12,16,11
141,66,54,59,62
142,66,62,68,65,52,61
143,68,57,59,70,58,50
144,51,63,49,61,58,59
145,18,32,21,17,25,19
146,33,46,45
147,64,68,54,61,57,53,51
148,72,52,55
149,55,68,49
150,38,40,33,39
151,62,67,60,71
152,65,66,64,56,61,68
153,4,2,6,1
154,1,2,3,8,5
155,12,9,11,16,15
156,14,11,12,15,10
157,43,45,47,41
158,38,39,46,47
159,50,54,56
160,35,34,44,47,37,43
161,22,25,18
162,57,70,68,61,64,59
163,52,69,50,60
164,40,36,48,41,44,33
165,22,31,27,28,17,21
166,20,21,19,30
167,2,6,4,7
168,49,68,53
169,44,48,38,42
170,6,4,3,7
171,73,74,77
172,29,28,25,18,32
173,10,16,14
174,27,32,30,20,24
175,58,72,71,50
176,41,42,44
177,80,78,74
178,6,1,4,7
179,39,43,35,33,47,44,40
180,35,47,45
181,27,24,32,20,19
182,67,55,63,64,61,54
183,26,25,32,24,18,28,19
184,76,75,79,77,80
185,30,26,28,24,17,22,32
186,27,25,20,29,31,28,22
187,20,27,23
188,44,45,40,39
189,43,35,41,36,33,38
190,40,48,44,45,35,39,43
191,80,75,78,76,74
192,28,30,20,27,19,23
193,59,69,71
194,79,77,73
195,4,5,2,3
196,80,78,74,79
197,65,62,58,54,59,50
198,11,13,16,10
199,6,2,1,5
200,69,57,63,66,56,54,72
201,28,26,30,17
202,49,57,68,63
203,27,28,21,26
204,1,6,2,3,4,5,7
205,29,26,30,24,21,31
206,79,78,73,74
207,60,53,61,59,56,63,57
208,31,30,27
209,23,25,19,27,20
210,8,7,2,5,3,4
211,54,57,65,49
212,22,17,27,21,29,30,20
213,45,36,43
214,59,52,71,70
215,25,30,20,24
216,24,32,22,26,18,31
217,38,36,41,44,42,33,47
218,2,3,7
219,34,41,46,43,35,44
220,57,55,63,59,64
221,28,24,23,20,30
222,50,67,62
223,32,29,18,22,24,23
224,69,49,72,61,70,60
225,7,3,1,2,8,6,4
226,26,23,19,31
227,5,1,4,8,2
228,52,56,69,62
229,6,1,5,2
230,21,20,31
231,7,2,8,4
232,29,27,25,22,21,30
233,5,7,8,1,2,3,6
234,56,63,71,70,52,60,58
235,52,67,65
236,59,72,53,60,56
237,69,52,56,53,55
238,3,5,2
239,59,69,72,56,58,51
240,53,60,50,49,72
241,6,5,1,8
242,51,67,61
243,39,46,45,35
244,59,53,49,58,62,61,72
245,34,40,45,47,43,35,36
246,77,76,74,80,75
247,65,68,53,49,69
248,47,44,39,43,34,36
249,69,61,56,58,59,55
250,36,44,43,34,46,37,48
251,16,13,12
252,54,64,72,70,52,67,49
253,25,30,18,20,31,29
254,59,50,57,66,67,61
255,1,3,8,4
256,3,5,1
257,78,79,76,77,74,73,75
258,5,8,6
259,28,29,21,30,24,25,18
260,80,77,74,79,73
261,76,73,79,74
262,63,65,49,51,64,54
263,57,56,60,63
264,37,33,44,36,34,47,39
265,23,31,22,27,21
266,4,7,1
267,30,25,29
268,22,17,23,32,31
269,79,80,78,74,76,77,75
270,55,62,60,67,64,51,57
271,19,21,18
272,8,7,5,4,2
273,65,58,50,68,61,56
274,9,16,13,15
275,44,46,35,47,33,40
276,55,72,64,70,57,56,54
277,17,30,28,26
278,46,44,41
279,74,80,77,75,73
280,44,36,34,39,43,46,42
281,66,68,51,52
282,74,73,76
283,70,56,69,68
284,2,7,8
285,62,56,68,71,58,65
286,70,59,56,53,64,68
287,28,22,24,30,26
288,59,70,60
289,26,29,24,28,21,31,22
290,50,59,49,68
291,72,49,67
292,52,72,66,64,63,56
293,10,16,12,9,15
294,39,45,43,42
295,54,53,62,49,55,60
296,69,70,72,62,49
297,59,71,68,50,57,65,60
298,40,42,44,41
299,57,61,52,60,49,67
300,30,22,19,21
301,65,64,62
302,8,3,2,7,5
303,75,77,74
304,60,57,69,71,55,49
305,48,33,36,35
306,8,2,5,6,1,7
307,72,51,52,58,54
308,69,65,57,67,63
309,69,68,66,53,67,56,51
310,74,78,79,80,76,73,75
311,70,54,57,69,50,58
312,24,19,25,20,22,30,32
313,77,76,74
314,64,72,51,69,62
315,24,31,27,25,23,21,30
316,28,24,22
317,18,28,31
318,49,57,65,55
319,43,36,46
320,29,28,27,24
321,80,73,74
322,63,50,53,70,54,65
323,11,16,14,12,15
324,48,43,36,41,47,37,44
325,37,45,44,47,43,39
326,77,80,76
327,8,6,5,1,2
328,54,53,58,68,63
329,73,78,75,80,77,74,76
330,23,18,29,31
331,79,75,74,78,80,73,77
332,77,78,80,76
333,55,56,58,49,54
334,16,12,13
335,31,21,29,24,19
336,67,55,56,66,61,59
337,63,70,69,61,49
338,44,33,34,35,45
339,24,20,17,28,29,23,30
340,67,56,51,49,64
341,53,69,54
342,52,67,71,61,63,58,68
343,15,16,11,12,9,13
344,56,68,50,54,64
345,46,36,42,44,39,48
346,66,65,59,52,55,64
347,36,34,42
348,48,36,41,33,40,35
349,11,16,10,9,12,14
350,34,35,42,45,39
351,50,65,58,56,61,53
352,31,25,32,22,28,26,29
353,21,20,17,28,27,22
354,54,67,70
355,10,12,11,16,14
356,54,60,67,70,66
357,51,63,62,52,54
358,10,15,11,13,12
359,76,74,79,75
360,12,9,13,11,14,15,10
361,19,20,21,18,22,24
362,51,52,60,56
363,19,21,27,32,29,18,30
364,48,39,45,34
365,8,6,2,5,7,1,3
366,12,10,15,14,16,9
367,44,33,38,39,36
368,38,42,40,41,43
369,42,47,40,37,36,39,41
370,80,74,76,75,77
371,26,17,19
372,69,52,57,70
373,53,56,67,63,69,61,68
374,11,10,9,15
375,40,47,36,43,45,41,44
376,69,62,55,65,68
377,47,43,40,42,45,41
378,35,34,44,46
379,14,16,11,12
380,32,29,24,21
381,71,59,50,56,62
382,79,75,80
383,13,16,10,11
384,4,7,3,2,1,5,6
385,79,75,77,73
386,75,77,80,79
387,78,77,73,80
388,23,27,22,28,29
389,37,41,34,38,39,44
390,43,44,42,37,47,39
391,8,7,5
392,19,17,27,18,22,25,26
393,29,26,18
394,41,39,44,45,35
395,9,14,16,10,15,13
396,73,77,76,80,74,75,79
397,24,28,23,27,22,31,25
398,32,21,20,23,18
399,20,24,31,25
400,75,74,76
401,21,18,23,29,26,31
402,66,67,59,62,57,72
403,25,27,30,23
404,15,16,10,14,11,12,13
405,56,54,65,60
406,33,44,41
407,36,44,35,33,41
408,40,41,38
409,1,2,4,5,3,7,6
410,67,56,64,53
411,67,54,58,55,52
412,4,7,3,6,5
413,13,11,14
414,74,75,77,76,78
415,3,5,1
416,51,61,55,64,54,57
417,19,17,21
418,43,41,44
419,36,40,41,34,48,35,46
420,71,72,54,52,64,51,50
421,15,12,16,10,9
422,17,23,28,26,30,24
423,59,71,62,61,60
424,8,5,4,1,6,2,3
425,66,67,58,55,56
426,46,36,43,39
427,70,60,61,66,68,67
428,31,28,17,23,30,19
429,39,42,48
430,12,14,15,10,13,11
431,51,60,50,55,58
432,21,24,29,30
433,19,21,26
434,3,5,8,1,2
435,45,34,38,47,42
436,78,75,77
437,22,27,24,29,30,21,25
438,52,59,51,62
439,11,16,15,12,14,13
440,26,23,20,18,29,28
441,67,60,64,54,69,59,55
442,24,31,25,26,29,21,27
443,74,77,73,79,80,75,78
444,70,56,65,59
445,4,8,1,5,3,6,7
446,49,51,50,67,69,55
447,17,23,22,25,18,21,26
448,59,68,50,53,72,54
449,57,58,60
450,8,7,6,5,2
451,74,77,78
452,22,17,24
453,8,5,6
454,46,40,42,34,37
455,47,35,39,41,45,43
456,24,29,19
457,56,53,61,69,52,72,54
458,48,35,40,44,46
459,48,41,38,33,42,47,45
460,70,65,59,52
461,30,17,31,22,25
462,18,32,27,24,23,28
463,76,77,78,74
464,61,70,59,65,60
465,52,72,51,65,66
466,4,8,5,3,1,6
467,69,67,55,49,64,62,72
468,42,48,44,38,35,40
469,70,62,72,64,69
470,33,35,42,37,48,47,36
471,50,58,55,53,72,63,67
472,50,59,62,58
473,39,43,46,45,35,36,41
474,41,37,38,35
475,53,70,52,71,61
476,42,43,33,34,37,44
477,39,48,47
478,75,78,77
479,48,45,38,46,44,42,36
480,23,24,26
481,44,46,34
482,1,4,3,5,7,6
483,6,3,7,8
484,34,44,36
485,28,30,26,17,27,20
486,11,9,12
487,35,41,48,39,46,37,33
488,7,4,8,3
489,48,37,47,38
490,40,43,38
491,68,56,71,50,67,61,65
492,42,44,35,45,47,46
493,56,55,64,50,61,60
494,44,39,42,48
495,29,30,20,18,27,32
496,74,80,79,77,73,76
497,75,77,80,73,74
498,64,52,63,49
499,20,18,24,26,19,30
500,5,2,4,6
501,79,75,74
502,1,8,3,6,5
503,47,44,37
504,12,9,11,10,13,14
505,29,18,20,26,27,23,28
506,15,16,10
507,41,33,40,38
508,76,73,77,74,75,80
509,38,36,45,40
510,24,18,27,26,17,23,31
511,21,24,31
512,35,36,47,44,38
513,55,49,54,71,59,62
514,3,1,6,2,8
515,34,44,38,36,48,45,39
516,45,42,43,34
517,45,37,47,34,33,42,48
518,27,18,25
519,56,49,52,72
520,52,54,58,72
521,18,24,25
522,44,41,48
523,55,72,50,65,71,57,52
524,64,71,49,66,54
525,68,54,70
526,25,17,23,27,19,28
527,78,79,73,76,80
528,46,47,45,38
529,13,11,12,9,14,10
530,11,16,10,13
531,4,6,5,3,1,8,2
532,40,48,43,41
533,50,51,49
534,57,59,71,50,69,60,56
535,18,26,27
536,45,39,36,44,46,41,47
537,12,11,15,13,14,16,10
538,80,79,74,75,77,73,76
539,7,1,4,3
540,66,58,70
541,57,56,59,60,53,67,65
542,75,80,78,79,76,77
543,36,48,40,38,45,33,47
544,6,7,4,3
545,50,53,71
546,48,43,38,39,33,44
547,26,17,21,25,31,24,32
548,64,53,57
549,71,50,70,57
550,73,80,79,76,77
551,69,65,71
552,7,6,4,8
553,38,44,42,46,48,40,47
554,48,40,43,45,41
555,49,50,71,62,59
556,6,5,8,7,2,1,4
557,49,71,52,67,58,60
558,63,59,52,49,50,69,70
559,2,7,5,6
560,78,73,77,79
561,76,78,80,75
562,3,6,2,7,5,4
563,39,41,33,47,46
564,51,59,64,67
565,80,75,76,77,74
566,8,1,6,2,3,4,7
567,70,71,59,51,54
568,70,49,56,62,59,66,61
569,64,67,57,60,61
570,59,70,56,61,66
571,19,32,23,20,27
572,78,79,77,76,73,75,74
573,38,37,36,45,42,44,40
574,29,30,17,25
575,66,68,72
576,24,19,32,31,28,25,22
577,31,27,18,29,21,24,22
578,19,27,17,25,20,32,31
579,14,11,9,13,15
580,46,37,42,43,39
581,73,80,78,79,76,74
582,77,78,76,80
583,52,70,50,54,68,64
584,53,58,70,50,69
585,11,14,15,9,12
586,48,45,40,41,46,37,34
587,57,56,63,62,70
588,7,4,6,3,1,8,2
589,62,52,50,70
590,50,61,49,55,51,64,52
591,27,31,17,24,26
592,37,38,42,43,36,45
593,40,38,37,34,33,35
594,15,16,9,14,13,12,11
595,25,21,24,20,30,29
596,49,50,61,70,67
597,63,57,55,50,60,72,62
598,48,34,43
599,31,27,30,18,25,19
600,54,65,53,68,63
601,42,39,40,44,37,36
602,3,4,8,1
603,7,5,4,8
604,4,5,1,3,8,6,7
605,38,46,42,34,33
606,41,47,42,43
607,78,76,75,77,80,79,74
608,44,43,47,34,39,46
609,29,30,22,26,27
610,57,51,72,50,71,52
611,48,45,41,34,38,37
612,43,33,48
613,78,77,73,74,79
614,27,24,18,26
615,45,46,48,33
616,69,61,57,59,50,56
617,20,17,31,24
618,51,53,67,64,66,52
619,62,54,56
620,70,62,72,59
621,44,33,36,47,45,48,46
622,40,33,45,47,34
623,72,63,66
624,53,64,58
625,67,60,71
626,20,29,24,27,32
627,39,36,34,47
628,63,58,71,56,67,65
629,52,62,49,56,57,60
630,58,64,49,65,56,68,60
631,28,32,18,23
632,58,70,59,71,72,64,60
633,4,7,6
634,9,11,13
635,16,9,14,11,10,15
636,79,73,78,77,75,76,80
637,69,72,60,49,55
638,38,42,36,39,44,37
639,43,40,42
640,53,57,62
641,31,22,18,17,19,27,21
642,60,70,58,63,59
643,13,15,12
644,54,71,63,68,55,60,52
645,73,75,78,76
646,66,52,69,62,72,64
647,76,73,80,74,75
648,67,63,60,62,70
649,70,54,71,67,60
650,59,55,63,72
651,27,19,28
652,65,72,56,70,51
653,65,63,50,54,49,58
654,27,21,17,25
655,25,18,20
656,71,65,66,50,58,57
657,77,78,73,75,76,74,79
658,58,71,65,56,72,49
659,42,48,43,33
660,45,41,40,35
661,17,25,32,19
662,10,11,14,15,12
663,25,24,23,32,31,22
664,25,28,26,20,24,32
665,73,79,80
666,32,23,24,18,21,22
667,41,35,42,46,36,45
668,15,16,10,12,9
669,39,34,46,38
670,62,54,65,51
671,73,74,76,80,75
672,73,78,74,80,79
673,18,24,20,23,32
674,35,42,33,40
675,34,45,39,46
676,62,54,49,63
677,61,71,50,72,55,56
678,57,64,53,65
679,56,55,61,58,50,64
680,26,27,24,22,31,29
681,46,37,38,47
682,4,1,5,7,2,3
683,9,16,13,12
684,61,55,58,64
685,58,72,55,49,52
686,14,13,16,10
687,5,8,1,3,6,4
688,72,62,50,67,64,53
689,1,7,8,4,5,6
690,49,58,71,54,61,63
691,36,38,37,34,46,43
692,59,49,50,52
693,55,53,65,68,59,71
694,59,54,51,65,69,72
695,42,46,37,45,39
696,52,65,57
697,69,53,51,50,55,65,66
698,40,44,37,42,39,45,43
699,35,47,44,34
700,8,5,7,4,1
701,66,62,52
702,60,49,62,54,63
703,29,20,25,26,22
704,6,3,4,7,5,2
705,31,20,25,32,28,23,27
706,24,22,21,29,31,18
707,25,27,30,17,23,19,26
708,62,67,52,51,72
709,61,70,58
710,70,63,60,50,62,52,54
711,46,37,44,45,39,35,34
712,27,23,17
713,37,47,41,45,43,38
714,44,45,37,43,40,47
715,64,66,59,67
716,9,11,15,13
717,78,77,79,74,73,75
718,35,33,40,43
719,69,71,62,70,61,52,64
720,40,33,38
721,9,15,10,12,13,16
722,2,3,4,8,7,5
723,45,48,33,47
724,75,73,77,76
725,50,72,63,56,57
726,55,52,54,68,51,49,60
727,19,28,20,27,17,21,31
728,60,52,55,64,63,67,66
729,20,31,27,21,28
730,54,55,61,59,60,56
731,35,42,33,46
732,76,73,77,78,80,74
733,56,52,72,59,65,51
734,17,30,27,32,25
735,54,52,49,65,62,61,53
736,25,19,32,29,18
737,26,20,29,30,18,27
738,8,4,1,7,6
739,27,24,21,23,22,31,17
740,77,79,75,74
741,59,69,66,58,49,57
742,31,21,29,23,24,17
743,60,62,65,53,67,66,50
744,10,14,11,15,9
745,38,40,41,47,39
746,31,24,23,30
747,8,1,5
748,29,18,30,25,19,22
749,53,50,55,62,63,59,69
750,33,35,34,37,39,46
751,41,38,44,37,47,39,40
752,58,69,61,50,72
753,53,63,68
754,79,75,77,73
755,44,43,39,40,42,47,41
756,19,30,22
757,32,27,30,29,31,18,22
758,50,64,57,49,53
759,17,19,29,26
760,32,19,21,23
761,26,19,30,27,17,22,18
762,59,58,50
763,70,63,65
764,72,56,58,61,65,62
765,19,29,26,18,27
766,15,12,16,14,11
767,26,20,25,17,24,29
768,52,59,65
769,7,6,1
770,40,44,33,48,36
771,66,57,60
772,50,71,54,72,69,65
773,22,32,20,25
774,20,22,30,26,29,24,28
775,73,78,74
776,60,51,49,64,53,54,69
777,45,40,35,48,46,47,33
778,51,68,63,66,61
779,15,12,13
780,5,7,6,8
781,13,9,12
782,55,58,61,56,70,64
783,15,13,9
784,12,14,11,9,15,16,10
785,60,61,66
786,75,80,74,76,73
787,79,78,76
788,73,75,74,79
789,77,80,79,78
790,13,12,10,11,14
791,52,66,50,71,55,49
792,78,74,80
793,45,35,39,36,40,41,37
794,31,21,28,29,32
795,77,75,79,80
796,28,19,25,21,20
797,77,73,76,75,80,78
798,65,56,71,63,64,57
799,12,14,9,10,13
800,71,62,64,63,55,50
801,38,39,34,47
802,15,10,11,14
803,74,79,73,78,80,77
804,4,1,3,7,5
805,22,24,20,18,25
806,17,30,22,24,25,27,32
807,20,17,27
808,59,66,56,55,58,72
809,76,80,75,78,79,73,74
810,43,48,38,37,36,40
811,65,55,58
812,32,30,17,31
813,45,42,39
814,31,21,24,18,26,28
815,44,41,42,43,47,39,48
816,46,48,36
817,42,43,38,34,44,45,40
818,9,11,12,13,15
819,71,60,62,54,53,58,64
820,71,59,66
821,27,26,22
822,13,14,16,9,11,10,12
823,42,37,47,43
824,11,12,14,13,9,15,10
825,67,51,68,50
826,80,79,77,76,74
827,59,56,50
828,30,31,26,23,21
829,5,6,3,2
830,43,36,44
831,69,68,71,67,51,70
832,78,79,80,74
833,75,80,76,79,77
834,36,42,44,34
835,78,80,73,76
836,65,49,59,69,55,67
837,70,61,49
838,7,6,2,4
839,77,79,78,76,73,75
840,37,38,40,48,47,46,45
841,60,68,51,69,52,53,50
842,44,43,35
843,40,35,43,44,39,37,41
844,56,65,61,53,62,69,64
845,55,64,68,66,67,71,51
846,20,24,29,18,23,27,22
847,65,58,63,54,61,68,62
848,13,9,12,14,15,16,11
849,22,29,19,31,28,27
850,79,78,76,80,77,75,73
851,8,4,3,7,6,2
852,51,71,58,54,57,65,56
853,12,13,15
854,15,10,9,16,12
855,78,73,77,80,76,79
856,45,42,47,34,48,38,41
857,54,68,72,62,66,60
858,6,7,5,2,1
859,42,38,41,34
860,11,13,16,12
861,71,52,56
862,58,57,67,52,49,60,61
863,24,32,18,26,23
864,63,66,57,70,71,67,61
865,66,61,65
866,37,35,39,43,38,41,46
867,78,75,79,77,73,76,80
868,26,23,32,24,29,17,27
869,29,30,32,18,20,24
870,25,17,23,27,26,29,28
871,16,13,15,12,11
872,54,66,63,60
873,19,22,28
874,45,43,42,44,41,39,46
875,40,47,46
876,46,40,34,43,39
877,3,1,7,4
878,77,76,75,74
879,57,61,66
880,27,28,19
881,58,66,59,69,56,60,53
882,71,68,62
883,57,56,72,49,61
884,21,20,23,17
885,38,40,33,46,44
886,25,21,18,30,28,29
887,14,10,13,9,16,15
888,11,16,15,12,13,9,14
889,53,58,72,51,52
890,7,8,6,4,5,2,3
891,20,21,28,18,26
892,2,8,5
893,38,39,36,45,37,46,43
894,10,15,16,14
895,74,80,77,76,75,79
896,36,39,37,44,43
897,21,22,18,28,25,29
898,2,1,6,7,3,8,5
899,69,57,49,56,61,72,68
900,35,44,40,38,36
901,13,11,15,16,9,14,12
902,47,42,44
903,2,4,8,1,3,7
904,11,10,9,13
905,14,9,15
906,12,16,10,11
907,34,39,47,46,33,36
908,38,43,46,42,48,33
909,18,30,20,17,21,31,23
910,24,32,31,23,20
911,78,75,79,73
912,45,36,42
913,80,78,77,79,74
914,58,64,51
915,18,24,29
916,50,63,49,69,71
917,14,16,11,12,10,13
918,79,78,77
919,29,27,19,32
920,30,29,27,26,22,24
921,45,33,41,44
922,59,57,52,64,50,55,66
923,64,56,71,70
924,65,71,61,67,54
925,5,7,3,6,1,4
926,2,7,4,5,3,6
927,70,51,71,72,65,53
928,66,58,57,50,68,51
929,45,35,36,46,37,44
930,15,9,13,16
931,24,25,26
932,59,68,64,72
933,45,47,46,40,41,43
934,54,72,52,62
935,49,50,63,61,67,51,56
936,15,9,14,13,11,12
937,32,23,24
938,29,28,21,18,23,26,32
939,3,8,5,4,1
940,70,60,56,68,62
941,25,31,29,32,30,22
942,4,2,1,5,6
943,32,30,18,24
944,47,41,44,40,37,43,36
945,27,25,31
946,24,31,26,30
947,35,44,37,46,40,39
948,78,77,80,73
949,47,48,35,40,38,45
950,49,67,60,68,69
951,69,51,58
952,10,16,13,15,12
953,57,66,62
954,73,79,78,76,75
955,62,54,50,57
956,13,12,16,15,14,9
957,49,57,64,53,55
958,34,35,47,41,40
959,66,55,57,70,65,60
960,11,15,13
961,35,33,46,47
962,22,18,31,24
963,71,59,66,68
964,70,67,65,57,71,72
965,50,49,59,56,65
966,6,1,3
967,30,26,23,20,19,32,29
968,71,59,65,50,69,52
969,71,53,58,66,63,49,65
970,41,35,33,38,43,46
971,56,67,64,54,65
972,38,44,33,48
973,44,38,37,40
974,54,69,52,65,51,59,72
975,58,71,52,54,70,49,50
976,54,66,61,51,57,60,64
977,25,32,17
978,27,18,17,24
979,10,9,16,12,13
980,76,80,75,79,73,74
981,31,21,32,29
982,27,24,28
983,50,72,71,69,67,70
984,75,80,78,79,73,76
985,28,24,18,32,30,27,22
986,37,43,42
987,43,42,48,36,40,39
988,31,18,24,25,27,20,32
989,9,11,14,13,12,15,10
990,68,60,63,61
991,68,59,50,66,69,53,65
992,6,3,7,5,8
993,21,29,23,20,26,31,19
994,67,53,56
995,2,7,4,8,6,1,3
996,53,57,56,70,49,71,66
997,57,54,59,72,62
998,22,25,18,17
999,77,75,74,73
1000,37,41,45
1001,23,27,24,31,22
1002,17,26,20,24,18
1003,4,6,5,2,3,1,7
1004,52,58,68,57,60
1005,19,21,32,24,18,23,28
1006,2,4,5,3,1,7
1007,52,63,61
1008,38,44,45
1009,76,80,75,73,77,74,78
1010,8,7,6,1,5,3,2
1011,39,42,35,48,41,37,44
1012,9,12,16,10,14,15
1013,61,68,56,58
1014,9,13,15,14,11,10,12
1015,79,73,80
1016,64,65,54,66,50,60,51
1017,71,60,50,52,72,65,68
1018,77,78,76
1019,26,20,21,30
1020,80,76,74,78,73
1021,62,57,61
1022,17,29,32,26,22,23,25
1023,59,67,58
1024,54,50,53,59
1025,72,65,64,57
1026,36,39,46,34
1027,80,76,75
1028,22,24,19,18,26,27,32
1029,29,31,20,19
1030,29,26,18,31,28,30
1031,40,48,36,35,45
1032,27,28,22,32,17,19
1033,7,4,8,3
1034,2,8,4,5,1,6,3
1035,1,8,3
1036,5,4,7,8,1
1037,13,14,15,12,10,16,11
1038,8,1,7,4,2,3,6
1039,38,36,37
1040,72,62,60,57,64
1041,73,79,76
1042,22,27,21
1043,40,37,33,45,38,43
1044,76,73,77,75
1045,28,22,27
1046,52,50,64
1047,53,52,62
1048,12,13,9
1049,46,37,40
1050,18,20,28,24,32
1051,76,79,77,73,75
1052,63,72,54
1053,30,19,20,29
1054,74,76,77,80
1055,16,12,13,11,10
1056,68,66,61,57
1057,59,53,58,71,61
1058,70,64,62,71,60,50
1059,60,52,68,58,49
1060,68,71,50,60,72
1061,12,14,11,15,9
1062,7,2,3,6,5,8
1063,80,79,78,77,76
1064,65,56,59,71,61,62,68
1065,23,32,18,19,28
1066,10,9,14,16
1067,13,14,11,9
1068,40,41,36,33,39
1069,52,64,53,65,49,54,58
1070,71,57,68,59,64,70,65
1071,59,69,67
1072,21,31,26,18,29
1073,45,36,42,39,43,35
1074,30,32,24,27
1075,78,75,76
1076,8,7,4,1,5,2,6
1077,33,46,44,38,40
1078,27,19,28,20,21,17,24
1079,27,24,20,19
1080,46,41,34
1081,55,64,69,49
1082,14,11,15,10,12,16,13
1083,78,75,73,74,76,79
1084,44,36,48,33,45,40,35
1085,44,37,48,43,47,35
1086,62,56,71,64
1087,32,21,23,19,26,25,27
1088,33,41,48,39,37
1089,65,54,58,51,60,55
1090,78,79,75
1091,56,51,59,62,52,68
1092,67,53,62,49,72,54,68
1093,35,33,38,34,46,44,45
1094,70,53,65,54,59,72,63
1095,15,16,11,13,12
1096,74,76,79
1097,40,34,44,43,42
1098,31,19,21,24,20,32,26
1099,21,26,23,32
1100,1,6,4
1101,23,31,28,21
1102,54,71,61,52
1103,80,74,78,75,77,79
1104,29,28,26,25
1105,34,46,38,41,35,48
1106,9,12,15
1107,61,60,66
1108,39,38,46,34,48,33
1109,33,38,34,36
1110,12,9,14,13,10,11
1111,74,76,78,77,80,73
1112,3,1,4,7
1113,11,14,10,16,9,13,12
1114,17,25,19,27,23,22
1115,53,65,69,51,59
1116,34,45,40,47,41
1117,48,46,37,44
1118,20,25,19,17
1119,80,76,77,79,78
1120,15,13,16,10,14
1121,72,53,69
1122,21,29,18,31,28,27,32
1123,48,41,43,38,45,37
1124,1,2,7,3,5,8
1125,36,40,42,37
1126,12,10,11,16,9,13
1127,54,71,64,67,53,51,68
1128,6,8,2
1129,61,59,56,63,50,66
1130,26,17,24,22
1131,76,77,79,80,74,73,75
1132,10,12,9,15,13,14,16
1133,47,38,43,34,35
1134,13,16,12,15,11,14
1135,21,19,29,26,30,23,28
1136,38,34,47,45,35,40
1137,55,60,72,56,68,59,53
1138,16,13,11,15,9
1139,53,55,69,49
1140,17,19,18,27
1141,35,42,33,34
1142,63,68,59,51,52,69
1143,77,76,74,73,78
1144,11,16,13
1145,14,12,10,13,9,16,11
1146,43,46,47,39,41,40
1147,56,58,62,63,55,71
1148,28,27,32,20,30
1149,5,4,6,3,8,2,7
1150,47,35,45,48,36,46
1151,5,3,1
1152,38,47,42,39,45
1153,30,25,18,31
1154,27,28,19,18,21,20
1155,79,76,73,77,80,75,74
1156,75,74,73,76
1157,56,69,62
1158,34,36,38,47,43
1159,37,42,43,40,36
1160,7,5,6
1161,63,60,54,67,51
1162,8,4,7
1163,23,24,32,19
1164,48,38,39,47,46
1165,16,11,12
1166,77,80,73,79,75
1167,80,73,75,74
1168,62,49,55,53,51,58,67
1169,71,67,50
1170,5,6,3
1171,10,12,11,14,15,16
1172,48,36,38
1173,1,5,3
1174,51,52,53
1175,76,78,75,77,73,79,80
1176,21,19,31
1177,12,14,9
1178,7,1,4,8,5,2
1179,17,18,23,32,24,27,29
1180,48,43,44,39
1181,38,43,40,36,44
1182,24,26,31
1183,68,69,53,60
1184,46,36,37,38,44,34
1185,19,22,20,27,28,32,21
1186,57,62,72,64,58
1187,67,59,68,64,50,49,70
1188,54,71,49,58,55
1189,80,73,75,77
1190,12,9,13
1191,12,11,14,13,15
1192,66,69,52
1193,72,54,69,52,50
1194,16,9,10,15,11
1195,12,15,13,11
1196,62,60,49,61
1197,58,50,71,54,56
1198,64,57,54,72,56,58,68
1199,44,46,42,38,40
1200,62,52,68,70,71,63,56
1201,76,74,75
1202,77,80,73,75
1203,31,30,27,21,23
1204,8,1,3,2,5
1205,36,37,40,43,34,45
1206,43,36,39,42,48,41,38
1207,9,13,14,12,16
1208,20,32,17,27
1209,14,15,16,10,11,12,13
1210,47,44,40,42,48,43
1211,52,71,50,61,49,69
1212,56,58,65,66,52,68
1213,78,77,74,76,79,73,80
1214,18,22,29,20
1215,59,72,68,63
1216,27,19,32,17
1217,6,1,3,8,4
1218,70,54,59,60
1219,32,25,18,22,27,17,29
1220,25,21,24,31,22
1221,18,32,30,20,19,22,26
1222,9,10,13,15,11,16,14
1223,55,57,67,71,53,61
1224,76,77,78,80,73
1225,49,56,51,50
1226,53,66,52,49,68,57,50
1227,28,17,20,26,31,22
1228,59,53,64,55
1229,13,11,12,14,15,10
1230,49,62,68,61,72
1231,75,74,80,77
1232,51,52,66,60,54
1233,23,27,19,18,21
1234,15,16,13
1235,67,54,66,59
1236,61,67,68,56,66
1237,65,50,68,61,53,62,51
1238,7,6,1,2,5,8,3
1239,10,13,11,16
1240,30,25,23,18,31
1241,80,73,77,78
1242,24,21,18,28,25
1243,68,50,66,59,69
1244,64,50,59,57,72,61,52
1245,70,55,62,58,61,65
1246,38,43,33,45,40,36,42
1247,5,1,6
1248,67,63,59,72
1249,10,15,13,12,9,16
1250,20,27,30,18,29,32
1251,49,51,62,63,65,61
1252,59,55,57,69,53
1253,11,10,13,12,9,15,14
1254,36,40,46
1255,4,8,1
1256,42,46,35,45,37
1257,46,44,42
1258,56,69,53,55,58,54,66
1259,37,48,35
1260,47,33,39
1261,25,19,17,31
1262,36,33,48,40
1263,46,44,36,42,40,39,43
1264,4,7,6
1265,62,52,63,69,68,50
1266,7,2,8,5,4,6,1
1267,64,55,68
1268,25,20,18
1269,19,31,25
1270,54,68,61,67,69
1271,80,76,73,77,74,79,75
1272,50,60,71,51,56
1273,33,34,38,41,39,44,36
1274,43,34,35,41
1275,17,26,19,28,29
1276,34,39,47,48
1277,47,40,33,36,46,45
1278,4,2,5,3,1,7,6
1279,7,8,3,5,6,1
1280,6,1,7
1281,60,71,52,69,65,59,58
1282,15,10,9,14,16
1283,1,4,2,7,8,6,3
1284,21,25,31
1285,39,47,45,40,33,38,36
1286,69,65,67,58,49,60,64
1287,5,6,7,3,4,8,1
1288,35,42,39,43,48
1289,37,39,36,46,45,40
1290,20,27,29,30,18,31,24
1291,76,79,73,74,80
1292,6,1,8,7,2,4
1293,78,79,80,73,74,75,77
1294,64,63,49,67
1295,14,12,15,10,11,16,13
1296,33,46,42
1297,16,10,13,15,11,14
1298,28,18,31,25,32,27
1299,10,15,14,12
1300,20,19,32,27,22,18,21
1301,5,2,1,7,4,3
1302,42,48,44,43,46,35
1303,9,15,16
1304,18,23,32,31,22,28,27
1305,45,43,48,39
1306,29,32,25,21,27,26
1307,41,40,47,34
1308,26,17,19
1309,36,42,35,46,40
1310,67,49,50,70
1311,33,35,47,40
1312,55,63,52,68
1313,57,67,53,58,71,51
1314,55,59,65,62,56,70
1315,29,25,18
1316,77,75,76,79,80,74
1317,49,71,53,66
1318,74,77,80
1319,42,37,41,33,36,47
1320,37,34,42,38,47,45,40
1321,74,79,73
1322,33,35,43
1323,12,11,16,10,9
1324,58,55,70,64,63,61,54
1325,76,78,77,79,75,80,74
1326,47,36,39,33,48
1327,21,23,18,31,17,28
1328,10,9,12,15,14,11
1329,30,21,20,29,17,26
1330,59,56,66,68,52,61,62
1331,59,63,58,57
1332,35,37,38,47,39,42
1333,4,3,8,6,7,1,2
1334,26,27,18,32
1335,79,76,75,80
1336,23,32,20,18,30,21,31
1337,68,65,59,49
1338,9,13,15,12,14,10
1339,18,21,20,28,27,26,32
1340,42,47,41,35,44,36,40
1341,47,48,38
1342,73,75,80,74
1343,3,1,6,8,4,5,2
1344,53,66,52
1345,3,5,6,8
1346,60,63,66,54
1347,8,1,3,2,5,6
1348,64,55,56,63
1349,22,28,18,27,30,23,19
1350,57,59,71,49
1351,18,24,21,27,20,32,17
1352,60,66,59
1353,41,43,35,33
1354,7,5,8,3,2
1355,59,58,66,68
1356,12,15,16
1357,73,76,79
1358,47,41,34,37,35,42,40
1359,20,17,31
1360,79,73,77,75,78,76
1361,19,27,18,30,20,28,25
1362,1,6,8,3,2,7,4
1363,57,58,63,67,56,69,51
1364,41,44,37,46,34,38,36
1365,52,57,58,72,51,64,63
1366,42,48,41,38,46,43
1367,65,55,62,66,63
1368,2,7,3,1
1369,76,74,73,80,78
1370,51,69,68,52,63,66
1371,46,48,47,37,42
1372,61,54,67,58,51
1373,22,30,19,20,23,27
1374,35,40,44
1375,4,3,1,5,6,7,2
1376,49,64,67
1377,25,18,32,19,20,22
1378,74,76,79,80
1379,42,33,46
1380,68,58,50,66,65,52,64
1381,74,78,76,77,80,75,79
1382,63,69,59
1383,59,66,63,58,55
1384,74,77,75,78,80
1385,75,77,73
1386,46,37,34,44
1387,67,69,72
1388,8,3,1,6,2,5,7
1389,4,2,1,6,7,3
1390,65,70,57,61,60,67
1391,16,13,10,14,11,9,12
1392,61,63,51,53,71
1393,35,44,45,33,36
1394,51,72,55,58,56,67,52
1395,46,41,43,35,44,37,33
1396,63,68,66,72,60
1397,6,7,8,4
1398,80,77,76,78,75,73
1399,26,24,28,29,25
1400,75,80,74,77,73
1401,10,12,9,13,11
1402,58,57,69,55,59,62
1403,77,78,76
1404,74,80,79,78,75
1405,59,55,68,71,66,50
1406,76,77,80
1407,67,68,61,65,70,55
1408,2,5,1
1409,19,28,29,17,23,27
1410,13,10,9,12
1411,42,46,40,45,38,33,47
1412,48,44,35,41,38,40
1413,50,63,62
1414,8,4,6,7,5,1,3
1415,58,66,51,69,62
1416,10,16,14
1417,12,10,11,14,16,15
1418,27,28,17,21,25
1419,45,36,46
1420,6,7,5
1421,14,10,15,16,9,12,11
1422,72,63,69,58,70
1423,46,35,40,42,48,43,36
1424,72,63,53,68,60
1425,53,56,57,64
1426,73,76,79,78
1427,50,58,63,64,60,57,69
1428,54,66,61,55,60,51,71
1429,61,65,63,57
1430,65,49,60,57,71,56
1431,66,50,49,54,65,53
1432,14,11,15,13,9,12
1433,61,72,68,70
1434,43,34,38
1435,20,21,28,22,30,27,24
1436,10,11,16,15
1437,71,72,51
1438,66,65,58,51
1439,18,25,30,27,26
1440,10,14,13,9
1441,79,73,78,75,80
1442,59,72,52,49,58,63
1443,23,32,29,27
1444,35,34,48,37,43,40
1445,2,5,7,8
1446,72,66,69
1447,38,42,47,48,45,41
1448,9,12,13,14
1449,27,31,32,23,24,28,22
1450,24,28,31,32,26
1451,65,62,64,60,49,68
1452,76,73,79,78,80
1453,43,37,38
1454,66,53,58
1455,37,44,41,33,45,38,47
1456,4,3,7,2,6
1457,60,69,65,54,57,71,66
1458,79,80,73
1459,75,78,73,77,80
1460,74,77,75
1461,32,20,21
1462,31,19,22,23,17,21
1463,5,3,2,1
1464,11,13,14
1465,34,48,40,37
1466,27,22,31
1467,35,45,39
1468,15,13,9,16,10
1469,9,11,14,10,12
1470,71,67,63
1471,26,25,27,17,19
1472,7,2,4,1
1473,34,37,39,44
1474,6,3,2,1,4,8
1475,52,58,50,59,60,65,56
1476,51,61,65,60
1477,9,11,16,15,13,12,14
1478,73,79,80,74,78
1479,19,20,29,30
1480,60,50,62,49,70,65,68
1481,68,62,59,60,56,69,58
1482,43,42,37,44,39
1483,53,71,49,64,59,55,62
1484,29,21,31,24,27,23,17
1485,26,31,19,22
1486,5,2,8,7,3,4
1487,35,33,47,43,40,46,45
1488,14,9,10,16,11,12
1489,25,27,28,24,17
1490,24,22,30,29,21
1491,7,2,5,3,4
1492,5,1,2
1493,35,34,37,45,40,46,41
1494,20,17,31,25,26,28,18
1495,18,31,28
1496,58,66,71,57,60,56
1497,13,15,9,12,10
1498,45,46,48,35,47,36,39
1499,25,23,22,24,31,32
1500,30,27,32
1501,56,71,63,65,67,57,55
1502,41,46,42
1503,69,68,64,66,50,51,65
1504,17,27,30
1505,9,12,11,15,16,10
1506,21,20,25,31
1507,14,13,12,11,10,16
1508,12,16,15
1509,69,55,50
1510,32,22,26,19,29
1511,43,46,34
1512,63,60,71,58,51,70
1513,21,26,24,19,31,17,30
1514,11,12,15
1515,22,19,20
1516,55,54,49,67,52,64,50
1517,59,60,58,69,66
1518,49,63,51,56
1519,20,23,18,17
1520,51,68,69,63,54,52,71
1521,30,31,18,20,27
1522,67,51,71,49,52
1523,40,47,35,43,45,36,38
1524,27,19,32,30
1525,70,62,59,51,56,71,52
1526,13,14,12,9,11
1527,31,18,22,20,30,19
1528,9,10,12,15,13,14,11
1529,31,27,21
1530,73,79,76,80,74,75,77
1531,35,42,44,40,37,48
1532,17,26,18,21,20
1533,74,80,77,73,79,78,75
1534,23,19,18
1535,44,33,37,43,48,39
1536,6,2,7,3,5,1
1537,22,19,20,32,29
1538,69,63,71,65,70,66
1539,70,69,61,59,55
1540,64,68,54,51,65,59,66
1541,1,8,6,4,7,5
1542,22,27,29,26
1543,70,59,72,58,60
1544,57,71,52,68,51,55,50
1545,54,70,60,72
1546,19,18,28,30
1547,27,30,17
1548,72,60,69
1549,41,46,45,34,48,36,35
1550,3,4,8,7,6
1551,71,65,52,63,60,57,49
1552,57,69,51,63,68,53
1553,46,36,48,33,45,38
1554,48,44,38
1555,51,53,67,68,61
1556,24,18,32,28,22,29
1557,38,41,48
1558,54,72,55,49,69,68
1559,11,12,9,13,10,15,16
1560,35,46,33,43,42
1561,15,10,11,13,14,9
1562,49,68,58,64,53
1563,21,24,20
1564,75,73,76,80,77,79,78
1565,72,66,69,65,53
1566,14,13,11,10,15
1567,9,14,16,11
1568,25,32,29,17
1569,72,51,70,66,63
1570,24,26,18
1571,48,47,40,34
1572,57,59,58,55
1573,68,54,60,49,65
1574,24,22,19
1575,78,73,79,77,75,80,74
1576,63,53,58,51,71,49,69
1577,49,55,50,54,64,71
1578,19,17,20,31,26,27,32
1579,80,73,78,76
1580,74,77,78,73,76,79
1581,54,69,64,49,70
1582,78,80,74,77,79,75
1583,71,49,60,51,62,59,61
1584,51,64,67,65
1585,26,25,22,17,30,32
1586,16,12,9,13,10
1587,2,7,8,5,3
1588,37,44,35
1589,56,54,55
1590,32,25,28,31
1591,13,14,9,10
1592,58,53,52,69,57,64
1593,38,40,39,34,35
1594,50,65,56,55,51,57,72
1595,32,25,21
1596,7,8,2
1597,66,58,67
1598,61,57,70,59,54,52
1599,2,8,6,3,5,7,1
1600,32,25,23
1601,59,61,49
1602,65,50,55,60,51
1603,65,62,55,66,53
1604,67,65,59,64,51,61
1605,21,31,27,25,30,23
1606,79,73,75,74,80,76,78
1607,43,34,38,39,47
1608,15,14,9,16
1609,58,72,60,61,56
1610,58,61,55,54
1611,8,7,3,4,1
1612,15,14,13,10
1613,45,34,48,47,35,38
1614,51,59,53,65
1615,69,68,50
1616,72,50,56
1617,45,37,33
1618,43,40,45
1619,37,47,36,34,38,39
1620,75,74,78,76,77,80,73
1621,48,43,33,42
1622,79,74,77,73
1623,31,19,28
1624,32,22,27,21,25
1625,12,14,11,10,16
1626,63,53,49
1627,52,55,63,56,65,51,61
1628,28,24,18,30
1629,9,14,12
1630,57,52,66,60,51
1631,51,50,49,59,63,72
1632,47,39,43,48,42,45,34
1633,68,61,52,51
1634,76,77,74,73,78
1635,14,13,10,16,15,9,12
1636,71,68,69,55,52,61,59
1637,43,46,37,40
1638,5,7,8,6,4,3,2
1639,22,18,17,24,29,26,31
1640,65,52,67,53,64,66,51
1641,14,12,15,11
1642,63,72,57,52,70
1643,26,31,17,23,18
1644,19,26,23,27,20
1645,25,31,18,30
1646,15,9,13,14,16,10,12
1647,21,26,18
1648,20,27,19,31
1649,8,5,7
1650,20,17,31
1651,30,32,29,21,25,26
1652,40,46,45,44,47
1653,75,78,76,74,80
1654,42,36,40,46,47,41
1655,6,4,2,1,3,8
1656,76,79,78
1657,72,54,53,65,60,64,55
1658,36,37,42,39,45
1659,49,67,54,66,65
1660,16,14,13,11,9,12,10
1661,4,6,5,1,8
1662,61,56,65
1663,79,75,77,78,74,73
1664,44,46,43,40
1665,38,46,47,37,48,33
1666,29,17,32,24,25
1667,64,54,60,72
1668,69,67,61
1669,78,73,75,77
1670,77,79,75
1671,38,39,41
1672,19,20,21,28
1673,53,52,67,58
1674,24,25,19,27,21,23
1675,72,51,49,70,66,69
1676,62,55,71,51,54,53
1677,61,52,69,66,51
1678,65,53,63
1679,50,54,61,71,62,65,69
1680,37,41,43,48
1681,37,48,36,33
1682,4,1,2,3,5,6,8
1683,36,35,34,44,47,38
1684,27,18,23,26,29,32
1685,8,1,6,5,3,4,7
1686,55,69,54,60
1687,34,48,35
1688,58,50,63,52,72,67,70
1689,4,7,6,8,3
1690,37,44,40
1691,42,38,37,45,34,36,41
1692,12,9,14,15
1693,68,54,67,59,71
1694,37,46,36,45
1695,45,48,34,33,42,40,36
1696,49,60,53,70,64,62,66
1697,14,15,12,9,16,13,11
1698,48,36,34,43,47
1699,55,51,62,64
1700,70,49,71,57,51,55,72
1701,7,6,8,3,5
1702,17,26,20,25,27
1703,30,31,22,24
1704,67,66,71,70,58,49
1705,9,14,10
1706,6,2,1,4,7,3
1707,77,75,80,76,73
1708,66,52,51,54,61,55
1709,50,70,72,69,68,53,67
1710,18,30,20,21,26,24,25
1711,69,62,57,55,68
1712,60,66,71
1713,4,8,5,2,3
1714,28,21,27,25,29
1715,47,42,35,41,40,44
1716,58,69,50,52,64
1717,79,73,77
1718,57,62,58,59,50,68,66
1719,11,10,16,9,15
1720,13,14,11,10,12,16,15
1721,7,2,1,4,3
1722,62,59,70,54,69,51
1723,41,39,40,47,44,33
1724,3,8,1,6,5
1725,47,42,40,38
1726,14,11,12,10,13,15,9
1727,40,42,48,36,45,35,43
1728,55,68,70,69,63
1729,28,32,29,31,21,17
1730,30,32,19,17,26,31
1731,73,74,79,77,78
1732,75,80,74,77
1733,31,26,30,19
1734,24,26,19
1735,75,80,74,79
1736,18,26,23,32,17,21
1737,62,57,66,58
1738,66,69,50,49,58,59,70
1739,48,34,39,35,44,47
1740,59,53,69,64,54,71,49
1741,41,38,45,42
1742,68,50,58,63,66
1743,9,14,11,10,13,12,15
1744,63,66,64,50
1745,80,74,79,76,78
1746,55,56,59,58
1747,59,56,63,60,66,58,64
1748,65,53,66,55,50
1749,4,2,3
1750,6,8,1,3,4,7
1751,1,7,8,4
1752,44,41,35,42,48,37,36
1753,47,37,35,41,45
1754,44,36,48,34,43
1755,60,52,57,65
1756,34,36,38,48,45,42,41
1757,33,42,46,45,34,37
1758,1,5,7
1759,2,6,1,4,7
1760,21,30,28
1761,35,47,38,36,42,33
1762,2,1,7
1763,1,7,4,5,8,3,2
1764,46,41,48,35,38,44,42
1765,73,77,74,80,79
1766,68,59,49,62
1767,70,67,71,49,64
1768,70,49,56,52,68,71
1769,39,44,42,45,46,43,34
1770,31,28,25,32,23
1771,30,20,23,28,18
1772,42,45,33,39,35,38
1773,78,77,73
1774,11,10,9,13,16,15,12
1775,2,4,3,6
1776,36,33,43
1777,5,7,8
1778,3,8,1,2,5,6,4
1779,47,37,34
1780,15,16,12,10,11
1781,80,78,75,74
1782,54,52,68,59,57,66,63
1783,5,3,2,1
1784,75,79,78,80
1785,7,3,8,1,2,4,6
1786,7,3,4
1787,10,14,13,16,9,12
1788,23,29,18,27,26,19
1789,14,15,11,9
1790,56,62,49,68,60,51
1791,66,71,70,51
1792,55,68,59,51
1793,43,35,42,37
1794,59,62,65,61,51,66
1795,15,9,14,10
1796,29,20,32,26,23,30
1797,66,71,72,61
1798,49,59,55
1799,49,63,53,66
1800,54,60,51
1801,79,76,80,75
1802,60,72,59,64
1803,21,19,30,31,22,24
1804,18,19,21,20
1805,75,79,74
1806,15,14,12
1807,4,2,8,7,1,5
1808,68,50,67,69,52
1809,44,36,38,42,45,47
1810,80,75,73,77
1811,12,14,9,15,16
1812,57,61,62,60,54,53
1813,26,25,21,24,27,31
1814,16,14,13
1815,53,62,63,56
1816,36,48,35,34,38,47
1817,51,55,71,52,50
1818,14,9,13,12,11
1819,4,7,6,3
1820,56,54,52
1821,14,15,16,11
1822,78,77,80,79,75,74
1823,42,44,47,33,37
1824,67,54,66,57
1825,27,24,21,19,25,30
1826,18,17,31,20,24,29
1827,47,43,39
1828,63,52,54,49,58
1829,58,57,63,65
1830,70,56,52,50,67,51,72
1831,51,54,53,68,59
1832,4,7,8,5,2,3,6
1833,33,35,48
1834,18,17,27,28,19
1835,36,41,42,33,44,45
1836,42,37,35
1837,59,68,55,66,52
1838,14,11,15,9
1839,61,58,50
1840,31,18,32,20,23,28,30
1841,27,24,25,29,22,23,17
1842,6,3,8,7
1843,52,68,69,70,63,59,53
1844,33,34,37,48,43,40
1845,78,74,73,80
1846,54,69,63,53,60,58
1847,12,14,16,9,11
1848,80,76,73,78,77,74
1849,45,36,33,47,46,44,34
1850,58,68,52,61,56,49
1851,64,53,62
1852,43,36,35
1853,77,74,80,75,76,79,78
1854,52,57,71,56,60
1855,5,4,1
1856,50,55,72,65,54,58
1857,62,67,60
1858,35,48,40,39,44,47
1859,49,69,58
1860,7,2,8,5,6,4,3
1861,58,61,67,59
1862,50,49,51
1863,51,60,64,53,49,50,57
1864,36,37,44
1865,8,5,4,1
1866,10,9,15,14
1867,50,68,63,56,59
1868,75,77,79,78,74,80
1869,36,37,44,39,48,35
1870,43,47,33,40,39,48
1871,62,53,72,68
1872,31,19,30,25,18
1873,69,62,53,60,70,52,64
1874,29,17,25,20,18
1875,3,8,2,7,6,4,5
1876,67,69,61,50
1877,41,34,36,35
1878,43,47,37,34,35,38,39
1879,33,40,47
1880,76,73,75,74,80
1881,65,62,70,67,72
1882,25,22,26,31,29
1883,69,60,50,62,65,54,70
1884,52,51,68,59,69,58,55
1885,54,55,60,49,67,72
1886,79,78,76
1887,76,80,79,75
1888,60,67,54,55,70,58,52
1889,41,34,36,37,48,35
1890,43,34,48,36,39,42,47
1891,65,57,72,51,59,56,63
1892,27,22,25,32,18,21,23
1893,62,52,60,69,59
1894,78,79,76,77,75
1895,50,66,71,59,49
1896,22,24,18
1897,74,73,76,79,78,80,77
1898,32,26,30,28
1899,36,43,34,46,45,41,39
1900,27,18,23
1901,41,36,43,39
1902,9,16,13,12,14
1903,48,35,42,41
1904,38,41,35,42,39,44,40
1905,33,46,38,40,35,41
1906,26,31,21,24,29,32
1907,1,3,8,7,4,6,5
1908,31,25,32,30,26,22
1909,19,27,18
1910,71,51,58,53,72
1911,4,7,1,2,6,8,5
1912,40,43,38,42,34,45,48
1913,43,36,44,42,38
1914,12,16,15
1915,29,23,20,31,21,32
1916,30,28,32
1917,47,39,41,40,37,35
1918,32,30,17,22
1919,77,73,76,75,78
1920,69,61,56
1921,23,22,28,26,24,27
1922,19,25,29,23
1923,64,71,68,61,63,62,69
1924,70,61,65,58,60,50,72
1925,31,23,26,19,20,30,21
1926,44,33,34,46
1927,39,43,33,35,38
1928,58,67,68
1929,43,46,42,44,40,33
1930,62,52,68
1931,44,39,45
1932,42,46,45,43,47,33,39
1933,30,32,25
1934,24,26,31,22
1935,49,67,55,50,72
1936,20,19,31,24,26,27
1937,25,29,32,23,20,24
1938,55,69,59
1939,59,58,68,72
1940,38,33,36
1941,3,1,8,5,7,4
1942,76,73,80
1943,45,39,42,40,36,33,37
1944,22,32,18,17,24,25,26
1945,2,3,6,1,7,5
1946,69,62,68
1947,19,30,21
1948,3,4,1,7,5,6
1949,37,38,44,46
1950,78,75,73,77,79
1951,45,44,34,37,36,38
1952,13,11,10,15
1953,72,68,62,56,67
1954,43,45,44,33,36,41
1955,24,29,19,30,22
1956,40,38,37,41
1957,2,3,7
1958,64,72,67
1959,55,70,59,50
1960,24,27,23,22,26
1961,10,15,11,13,16,9
1962,30,24,32,25
1963,46,35,42,37,41,47
1964,45,48,39,44,42,47
1965,22,29,28,25
1966,56,72,53,61,55
1967,4,8,1,6,3
1968,73,75,77
1969,13,16,9
1970,56,55,49,67,60,71
1971,28,31,32
1972,4,5,6,7,1,2
1973,38,45,34,43,48,44,41
1974,51,61,67,49,68,66
1975,79,77,73,75,80
1976,45,34,37,36,39,44,40
1977,33,34,43,45,38,37
1978,33,40,34,44,43,39,42
1979,43,36,34,41,45,48,33
1980,52,51,59,72
1981,53,66,59
1982,30,18,31,23,32,28
1983,33,34,42,36,46,39
1984,27,30,32,26
1985,24,19,32,22,28,23
1986,79,76,77,80,78,74,75
1987,4,2,7,6,1,5
1988,6,1,8,7,5
1989,61,72,69
1990,3,7,6,4,5
1991,42,45,48,34
1992,65,64,54,56,53,58
1993,8,3,2,6,1
1994,48,33,42,44,46,45,34
1995,35,48,41,44,40,34,37
1996,32,24,17
1997,44,36,37,47
1998,74,73,78,79,77,80
1999,36,40,33,43,38,34
2000,52,51,60
2001,16,10,11,13,14,15
2002,31,22,18
2003,40,35,34,43,41,33,44
2004,60,52,57,67,64,72,55
2005,23,31,24,20,27,30
2006,12,15,16
2007,52,69,66,71
2008,61,62,71
2009,71,50,62
2010,45,47,37,39
2011,69,66,60
2012,6,7,3,4,1
2013,76,75,79,80,78
2014,12,11,14,16,10,13
2015,50,61,55,68,63,69,64
2016,73,78,74
2017,8,2,7,3,6,1
2018,22,31,27
2019,46,45,39,38,42,40
2020,70,62,55
2021,27,29,28,23,21,25,17
2022,9,12,11,10,16
2023,48,33,41,38
2024,12,9,16,11,15,10,13
2025,40,35,33,39,37,45
2026,55,59,65,68,70,60
2027,30,31,25,21,26,17,19
2028,66,65,61,68
2029,27,23,24,21,22
2030,17,22,27,28
2031,36,43,42,37,44,34
2032,45,38,37,35,33
2033,56,57,52,54,59
2034,50,62,64,60,71
2035,3,8,5,6
2036,54,66,53,51,67,62
2037,46,37,38,36
2038,54,56,67,50
2039,11,10,15
2040,29,30,21,20
2041,17,21,28,22,30,27
2042,22,29,20,28,17,30,21
2043,17,19,18
2044,56,53,72,54,63,51,66
2045,60,72,53,52,51,66,56
2046,30,29,23,18,20
2047,55,63,57,51,71
2048,6,2,4
2049,35,33,37
2050,31,18,20,32,21,27,24
2051,25,27,31,23,22
2052,71,72,56,65,69,49,60
2053,7,8,2,6,4
2054,33,45,46,42
2055,58,56,61,72,63
2056,15,13,14,16,9,10
2057,66,51,64,59
2058,12,14,15,9,16,11,13
2059,10,12,14,11,16,9,15
2060,31,17,27,19,22,26,21
2061,74,78,73,76,75,77,79
2062,39,36,34
2063,10,9,12,13,11,16
2064,17,23,32,22
2065,29,26,17,19,30
2066,46,37,38,48,33,43
2067,71,53,70,62,67,63
2068,47,39,45,37,43,34
2069,27,24,18,20
2070,71,69,67,72,51,70
2071,30,27,25,24,17
2072,68,64,49
2073,35,42,48,38,37,47,44
2074,71,63,53
2075,19,20,27,24
2076,4,6,1
2077,14,15,12,9,10,13,16
2078,24,26,19,23,25,18
2079,29,24,28,27
2080,3,1,6,5,4,2
2081,68,53,52,51,50,61
2082,44,37,34,33,39,41
2083,33,48,40
2084,78,73,74
2085,68,72,55,51,49,71,50
2086,16,12,10,14
2087,58,56,67,59,63
2088,33,45,42,37,48,43
2089,2,1,4,7,5
2090,11,14,15,10
2091,55,70,69,65
2092,13,14,9,16,12,10
2093,22,20,19,31,25,23
2094,57,49,54,60,58,56,64
2095,65,63,54
2096,78,80,79,77,74,73,75
2097,35,43,34,38,42,33
2098,30,17,22,19
2099,77,74,78
2100,3,1,8,7
2101,46,36,39,47,41,33
2102,20,19,30
2103,66,72,70
2104,79,77,80,76,73,74,78
2105,14,10,15,16,12,11
2106,18,19,25,21,22
2107,55,66,71,64
2108,51,53,64,59,54
2109,26,18,17,28,23
2110,12,16,13,9,10,15
2111,62,65,69
2112,28,25,21,30,27,22
2113,46,45,33,36,35,38
2114,36,40,35,46
2115,7,5,3
2116,49,58,51,68,60
2117,56,71,58,61,63
2118,30,20,31,23
2119,65,70,52
2120,65,58,67,56
2121,51,62,64,53,58,63,59
2122,12,10,9,16,11
2123,19,25,26,29,23,22,20
2124,52,68,71,64,54,70
2125,35,42,40,43,47,34
2126,58,53,61,71
2127,26,20,27,23,19,22,25
2128,13,9,15,16,11
2129,26,18,21,32
2130,34,42,45
2131,34,36,41
2132,33,36,34,46,45
2133,23,19,24,31,32,26
2134,11,9,12,14
2135,58,57,60
2136,77,79,80,75,74,78
2137,48,33,45
2138,34,33,38,43,37,40
2139,36,38,44,43,46,41,42
2140,35,33,37,47
2141,20,30,31,27
2142,73,79,74,78,75,80,77
2143,59,71,63,56
2144,26,21,28,27,30,31,25
2145,22,29,19,32,31,18
2146,39,48,37,40,44,38,34
2147,51,71,63
2148,77,79,75,78
2149,55,51,52,50
2150,28,20,18,23,30,24,27
2151,36,48,39,37,34
2152,36,33,41
2153,37,35,45,48
2154,57,68,67,59
2155,78,79,73,77,74,75,76
2156,45,38,37,46
2157,60,61,59,71
2158,2,5,6,7,1,4
2159,80,76,79,73,74,75,78
2160,21,28,26,18
2161,59,65,50
2162,50,49,57,58,61
2163,64,54,55,59,70,60
2164,31,20,30,28
2165,40,39,35,43,36,47,46
2166,71,70,62,72,64
2167,41,37,47
2168,12,13,9,15
2169,9,13,14
2170,69,56,53,57,59,66,61
2171,67,65,69,70
2172,4,6,7,2,8,3
2173,54,57,55
2174,51,72,68,53,50,71
2175,8,2,6,1,5,7
2176,58,64,71,52,67,65,68
2177,15,14,13,12,11,9
2178,63,55,66,56,60,53,54
2179,29,26,31,22,30
2180,40,46,44,48,34,45
2181,37,46,45,40
2182,74,78,76,79,77,73
2183,4,5,7,2,8,3,6
2184,9,10,11,12,14,15
2185,62,67,59,60,71,52,55
2186,47,37,35,46,41,33,36
2187,36,39,40,38,47,45
2188,5,7,2,3
2189,15,11,9,12,14
2190,10,16,11,12
2191,32,21,24,28,25,31,18
2192,42,41,33,36,48,34,37
2193,44,39,47,35
2194,73,77,78,80
2195,42,47,45,34
2196,68,69,65,72,67
2197,16,15,12
2198,7,1,6,3,2
2199,12,16,10,11,13,9,15
2200,16,14,10,9,12,11,15
2201,67,59,69,63,54,68
2202,10,16,13,12,15,11,9
2203,79,74,78
2204,72,59,50,65
2205,70,60,56
2206,74,73,76
2207,33,48,46,45
2208,19,23,22,29,27,18
2209,57,64,66,55,56,65,72
2210,66,60,72,55,69,64,51
2211,23,27,20,22,24,31,26
2212,45,48,43,38
2213,58,51,52,61
2214,34,35,48,41,38,42
2215,52,69,60,58,64,72,61
2216,79,74,75
2217,73,76,77,79,75,74,80
2218,10,9,11,16,15
2219,33,40,41
2220,15,9,14,11,13,10
2221,26,29,32,28,23,20,25
2222,72,68,66,57
2223,12,16,11,10,15
2224,57,58,60,59,61
2225,24,29,28
2226,60,68,52,55,70,57
2227,73,78,76,77,75,74,79
2228,9,14,15
2229,36,39,40,34
2230,21,28,17,23,26,22
2231,50,60,70,49
2232,19,27,21,17,32
2233,47,34,33
2234,13,11,14
2235,57,55,68,49,63
2236,75,80,77,78,74,79,76
2237,80,73,74,75,79
2238,53,66,63,60,49,71
2239,36,41,37,45,43,38
2240,31,32,27,17
2241,3,6,5
2242,33,41,35
2243,1,3,4,2,5,6
2244,57,59,50,54,72,53
2245,65,61,64,52,70
2246,72,55,56,70,49
2247,30,29,25,19,17,23,27
2248,45,33,34
2249,33,46,38,47,34
2250,46,44,39
2251,7,3,2,5
2252,74,73,80,76
2253,20,32,30
2254,29,20,19,30,26,23,32
2255,10,15,16,11
2256,31,32,21,24,20
2257,59,52,49,67,61,51,62
2258,79,73,75,77,76
2259,54,67,70,58,55,69,59
2260,44,38,43,34,41,40
2261,27,32,18,21,24,17
2262,15,16,12,14
2263,14,11,12,10
2264,43,46,40,33,47,41,38
2265,45,42,36,37,44,39,48
2266,28,23,27,25,20,19
2267,9,13,15,10,11,12
2268,37,41,34,47,35
2269,53,57,50,55,65,59,69
2270,20,18,21,17
2271,5,8,2,1,4
2272,24,23,29,22,26,28,19
2273,39,41,47
2274,15,10,13,12,9,14
2275,26,31,30
2276,67,49,55
2277,7,4,1,3
2278,54,62,59,71
2279,53,59,64,62,67
2280,78,77,76
2281,12,9,10
2282,22,21,18,30
2283,12,16,14,10,9,13
2284,45,48,40,35,41,38,34
2285,59,63,53
2286,62,64,58,66,49,68,60
2287,12,14,13
2288,4,7,1,2,5,3,6
2289,3,4,5,1,2
2290,44,45,41,35,43,48
2291,39,48,35,43,47,36
2292,52,49,72,60,62,63,51
2293,61,60,58,69
2294,48,33,37,44,36,43,39
2295,55,67,50,59,69
2296,17,20,19,28,21,27,22
2297,72,58,70,52,61,57,54
2298,39,38,42,48,33,43,40
2299,78,77,76
2300,55,60,50,49,66,52
2301,52,56,69,51,62
2302,77,76,79
2303,37,45,44,40,35,47,41
2304,7,5,4,1
2305,56,67,52,50,54,71
2306,48,41,44,34,35
2307,49,54,65,72,51,57
2308,13,11,9,15,14,12,10
2309,80,76,73,74,75,78
2310,44,42,38,39,45,36
2311,73,75,77,79
2312,36,41,48,40
2313,3,2,6,4,7,8
2314,5,6,2
2315,37,44,40
2316,41,39,40
2317,35,33,40,39,45
2318,41,34,39,43
2319,22,24,18,31,25
2320,70,64,49,51,55,54
2321,54,62,69,72
2322,1,6,5,8,3,7
2323,60,72,65,69,64
2324,68,54,66
2325,60,62,57,72,71,59,63
2326,54,60,50,61
2327,10,15,14,12
2328,71,64,53,62,69,61,68
2329,58,63,59,67
2330,1,8,4,5,6
2331,62,69,67,54,63,71
2332,64,66,62,63,56,54
2333,46,42,33,47
2334,65,50,68
2335,42,41,34,38,47,33,43
2336,5,8,1,3,6
2337,32,30,26,28,18,17
2338,41,35,36,37,34,47
2339,55,71,49,58,70,61,50
2340,36,39,34,42,38
2341,52,56,58
2342,60,50,63,70,55
2343,21,18,27
2344,52,70,71,72,60
2345,53,61,64,52,55,66,69
2346,10,9,13,12,14,15,16
2347,25,17,29,21
2348,47,33,37,36,41,43
2349,3,8,6,1,4,5
2350,29,28,22,24,25
2351,49,58,54,68,56
2352,5,3,4
2353,8,2,6,4
2354,4,7,8,6,1
2355,63,69,66
2356,3,2,1,7,6
2357,42,34,46,41,43,47,48
2358,1,5,6,8,7,4
2359,31,20,29,18,19
2360,71,68,56,64,53,69
2361,49,54,64
2362,44,47,36,33,48,43,34
2363,4,6,8
2364,14,13,9,16,15,12,10
2365,49,51,53,58,59,63
2366,74,73,80,75,78,76,77
2367,8,4,2,6,7,5,1
2368,25,31,22,32,18,17
2369,37,47,33,43,42,35,44
2370,70,65,55,67,58,68,69
2371,68,61,53,64,54
2372,36,37,40,47
2373,57,66,58,68,52
2374,74,73,79,77
2375,54,64,66,58,67
2376,31,27,32,20,23,22,26
2377,26,23,24,25,28,22
2378,6,8,2,4,1,5
2379,20,32,26,23,25,19
2380,16,9,14,11,15
2381,67,65,51,58,56,54
2382,79,75,80,74
2383,39,43,33,35,36,47
2384,46,37,45,43,44,47,40
2385,24,22,25,23,20,29,19
2386,48,33,44,42,43,34
2387,32,19,18,30
2388,73,75,79
2389,77,80,78,79,75,74
2390,36,47,33,37,43,44,46
2391,74,80,76,75,73,77
2392,8,5,3,2,1
2393,6,7,3,2,1,4,8
2394,65,49,54,60,70,58
2395,9,16,12,13
2396,4,5,2
2397,52,66,58,72,59
2398,66,52,64,67,58,50
2399,16,13,9,14,10,12,15
2400,68,65,64,71,55,58
2401,46,43,34,40,36,35
2402,21,32,20,27,28,23
2403,11,12,10
2404,79,73,75,80,77
2405,4,8,7,3,5
2406,15,9,10,11,14,13,16
2407,62,64,56
2408,70,49,58
2409,45,43,37,44
2410,47,34,37,43,48
2411,57,49,63,51
2412,10,16,9,13,12,11,14
2413,69,72,62,67
2414,40,38,35,46,34,33,37
2415,5,4,7
2416,76,73,79
2417,71,70,52,72,56
2418,47,42,35,34
2419,36,33,42
2420,19,29,24,22,32
2421,25,24,22,26,19,28
2422,55,63,58
2423,29,32,27,25,21
2424,11,12,13
2425,78,79,80
2426,68,49,67,72,57
2427,37,38,42,40,43,35,41
2428,37,42,44,41,48
2429,2,5,3,7,1
2430,39,34,45,43
2431,19,32,28,18
2432,17,23,19,20,21,28,30
2433,40,46,33
2434,38,43,36
2435,34,39,41,48,38,33
2436,55,64,67,52,72,61
2437,13,9,12,11
2438,39,44,43,47,46,35,45
2439,57,69,56
2440,51,62,52
2441,78,80,75
2442,44,46,36,34,43
2443,14,13,16,9,12,15
2444,24,22,28,20
2445,14,9,12,13,11
2446,36,42,38,47,43,44,45
2447,4,1,2,3
2448,24,21,25,28,18,29,17
2449,5,3,4,7,8,1
2450,23,17,22,21,18,25,32
2451,39,45,36,34,48,38,46
2452,57,60,54,67
2453,22,17,27,25,20,29,24
2454,4,5,2
2455,42,44,39,33,34,45
2456,32,21,26,19
2457,15,13,16,9,14,10
2458,55,54,51,57,61,63
2459,51,49,54
2460,3,8,4,2,1,7
2461,77,79,73
2462,40,38,46
2463,22,28,25,32,21
2464,47,48,39,36
2465,34,46,35,44,48,37
2466,63,60,49,66,62
2467,5,4,1,8
2468,38,37,35,46,42
2469,8,7,4
2470,64,49,71
2471,42,37,43,44
2472,68,49,72,58
2473,8,4,6,2,7
2474,6,3,1
2475,4,7,2,3,6,8
2476,52,59,62,61
2477,73,77,78
2478,8,5,1,2,6,3,4
2479,72,52,49,50,62,54
2480,17,26,30,29,21
2481,72,58,70,68,64
2482,61,66,70,63
2483,78,74,73,77,80
2484,30,27,25,19
2485,11,12,16,15,13
2486,45,41,37
2487,23,25,28
2488,34,46,45,36
2489,19,17,31,29,22,28,21
2490,28,19,26
2491,80,75,79
2492,37,34,35,45,44
2493,56,71,59,67,72,49
2494,77,80,74,78
2495,19,32,20,28,18
2496,49,72,65,51
2497,66,70,59,68,49,55,64
2498,22,25,24,31
2499,17,18,23,19,25
2500,13,10,12,16,9,15
2501,66,64,68,61,52
2502,45,36,40,35,47,41
2503,35,33,42
2504,48,43,46,42,39,35,33
2505,18,27,30,23
2506,56,71,70,52,67,60
2507,23,18,25,30,31,20
2508,5,1,6,4
2509,9,15,10,13,14
2510,58,60,68,57
2511,15,10,16
2512,1,2,3
2513,72,62,61,68,52,64,55
2514,73,76,77,80,74,79,78
2515,48,37,39
2516,73,76,79,78,77
2517,28,27,23,26,30,18,20
2518,55,69,59,50
2519,31,28,23,21,24
2520,46,35,36,38
2521,21,30,22,23,25,29
2522,25,21,19
2523,27,26,22,23,21,25,31
2524,59,66,65,52
2525,14,12,13,16
2526,80,79,76,75,77
2527,50,64,52
2528,15,14,13,10,16,9,11
2529,38,35,44
2530,21,18,19,22
2531,62,69,68,64,61,50
2532,53,69,72,71,51,70
2533,30,22,17,27
2534,23,25,21
2535,41,37,35,44
2536,38,33,47
2537,60,51,72,63,65
2538,35,46,48
2539,61,58,65,69,71,59,67
2540,31,28,24,30
2541,34,37,41,42,45
2542,60,54,50,55,63,58,52
2543,17,19,22
2544,25,19,21,30
2545,17,32,26
2546,27,22,21,24,18
2547,61,59,60,65,68
2548,79,77,80,76,73
2549,62,56,60,52,51,66
2550,26,19,27,25,18,17
2551,80,73,79,75,76,74
2552,44,33,43
2553,23,27,21,22,29,24
2554,42,39,36,41,33,35,47
2555,13,12,11,10,16,9
2556,27,32,23,28,17,25
2557,79,76,80,77,78,74,75
2558,54,59,70,62,71,63
2559,16,15,11,13
2560,3,8,2,5,1,6,7
2561,38,42,34,48,35,45,46
2562,44,45,36,39,40
2563,66,49,68,61,51,63,52
2564,15,10,16,12,9,14
2565,20,18,32,21,19,29,31
2566,38,42,41,44,33,39
2567,27,21,23,20,22,17
2568,55,54,72,59,62
2569,19,23,17
2570,14,10,16,12
2571,35,34,37,45,42,43,47
2572,66,53,59,55
2573,22,26,29,31,25,27
2574,25,23,19,20
2575,31,24,21,28,19
2576,50,63,68,54
2577,60,55,51,49,68,52,65
2578,70,69,51,63
2579,43,37,38
2580,8,7,1
2581,13,14,12,9
2582,49,71,68,69,70,58,67
2583,42,40,35,47,37
2584,14,10,12,11,13,9,15
2585,41,48,43,39,44
2586,74,77,75,78,80,76
2587,48,44,33,34,39,47
2588,33,44,39,43,46
2589,62,66,70,64
2590,65,67,51,59,52,60
2591,38,46,45,48
2592,29,25,30,31,21,20,23
2593,63,60,58
2594,70,50,63,71,66
2595,12,16,11,13,9,14,10
2596,14,16,10,9,11,15,13
2597,29,18,23,27,20,21
2598,27,30,22,29,19
2599,71,66,58,57
2600,60,56,69,55,63,72
2601,32,26,31,19,25,21
2602,19,30,18,23,28
2603,9,10,12,11,14
2604,8,5,2,7,3
2605,41,39,43,46,44
2606,19,28,30
2607,36,37,38
2608,6,2,3,7,1
2609,39,38,45,42,33,46
2610,50,56,72,57,55,68
2611,44,36,40,41
2612,76,73,79,75,74,78,77
2613,27,31,17,23,22
2614,69,49,72
2615,15,11,13,12,14,9,16
2616,76,79,74,73,80,77,75
2617,57,69,64,60,51,49,67
2618,21,30,31,26,20,19,28
2619,70,52,51
2620,47,38,40,42,37
2621,59,68,49,58,65
2622,13,12,15,11,9,14
2623,58,68,55
2624,28,24,19,31,29
2625,38,44,40
2626,75,76,79,80,77
2627,29,21,26,23
2628,5,3,7,4
2629,69,51,62
2630,71,70,55,60
2631,68,54,57,49
2632,42,39,43,37,35
2633,13,11,12,9,15
2634,73,79,76
2635,40,47,39,38
2636,79,76,74,75
2637,42,47,36,35,40,41
2638,40,41,39,33,44
2639,19,21,27,23,17,28,25
2640,18,17,23,26,29
2641,69,72,50,65,66,61
2642,47,41,37,36
2643,55,70,72
2644,17,30,23,19,22
2645,1,6,5,8
2646,10,9,14,11
2647,66,52,64
2648,23,32,17,26,27,31,30
2649,53,60,52
2650,70,69,51,55
2651,25,22,27
2652,48,42,35,38
2653,62,69,71,52,59,67
2654,50,64,56,53
2655,25,31,19,23,18,28,30
2656,10,14,11,13,16,9,15
2657,71,62,53,55,69
2658,80,76,77,79,78,74
2659,71,52,63,53,50,67,49
2660,3,2,5,8,4,6,1
2661,24,18,26,32,19,29
2662,72,62,69,65,61,52,63
2663,26,25,28,17,31
2664,74,77,78,73
2665,64,59,58,66,56,69,55
2666,12,9,14
2667,79,75,78
2668,68,60,56,62,49
2669,37,39,40,34
2670,40,46,34
2671,70,55,62,59,58,63,67
2672,54,59,65,62,49,70
2673,41,34,48,40,33,42
2674,8,4,3,7,5,1
2675,19,28,22
2676,42,48,40
2677,32,29,20,25
2678,20,18,25,27,29,28,31
2679,25,23,24,22,19,18
2680,3,1,2
2681,28,31,27,32,26
2682,51,59,69
2683,27,20,31,29,24,18,17
2684,56,67,55,64
2685,66,57,71,59
2686,25,26,32,29
2687,43,41,37
2688,64,50,72,65,51,71
2689,37,44,46,38,39
2690,50,60,64,54
2691,1,4,7,8
2692,21,31,30,18,29,20
2693,34,45,40,33,35,47
2694,15,9,12
2695,63,61,51,68
2696,72,68,58
2697,39,38,44,34
2698,62,55,71,68,53,52,58
2699,26,24,27,30,28
2700,9,16,10,15
2701,26,32,28,25,27
2702,5,3,1,2,4,7,6
2703,10,16,12,14,13,15,9
2704,22,30,17,25
2705,68,66,70,49,57,59
2706,40,46,34,41,43,35,42
2707,46,45,43,34,37
2708,60,51,56,71,62
2709,7,4,1,3,6
2710,30,27,19,21,31,25,24
2711,5,7,4,3,6
2712,80,78,79,76,77,74,73
2713,65,50,70,68,71
2714,48,45,36,44,42
2715,44,41,35,37
2716,60,71,55,68,53
2717,80,74,77,75
2718,10,12,15,16,14,11
2719,31,30,29,21,27,24
2720,23,31,19,25
2721,17,20,23,26
2722,32,20,31
2723,72,50,63,59,51,54
2724,49,60,62,58,50
2725,70,67,62
2726,42,47,38,40,41,37,39
2727,70,49,62,63,65,67,71
2728,11,12,16,10,9,13
2729,37,36,40,45,46
2730,18,32,25,26,21,30
2731,33,40,47
2732,26,27,32,18
2733,53,61,56,71,49,62
2734,73,74,78,75,79,77,76
2735,11,15,14,10,13,16
2736,57,65,62,63,72
2737,67,54,71
2738,25,29,21,32,26,31,22
2739,64,69,63
2740,23,21,29
2741,28,30,18,23
2742,1,5,2,6,4,8,7
2743,60,49,61,64,57,56
2744,31,23,17
2745,52,54,57,62,66,50,69
2746,26,29,22,30,23,21,32
2747,15,9,14,10,11,12,13
2748,65,64,54,51,72
2749,74,80,73,76
2750,34,44,47
2751,12,14,9,16,15,10
2752,55,62,67,72,52,69
2753,78,76,79
2754,25,24,31,22
2755,1,4,8,6,7,3
2756,16,15,13,14,11
2757,47,44,46,35,42
2758,56,59,70,68,65,53
2759,47,33,46,45,39,34
2760,8,6,1
2761,61,67,54,49,63,68
2762,6,5,8,2,4
2763,62,58,54,52,56,55,70
2764,60,52,58,53,50,61,72
2765,22,21,19,20,26
2766,27,32,21,29,18,24,26
2767,64,71,67,70,66
2768,25,20,31,32,17,28
2769,74,75,79,77,80,76
2770,36,40,33,39,46,38
2771,69,68,70,51
2772,5,7,4,6,8,2
2773,67,49,57,70,64
2774,75,79,76,74,77
2775,5,7,6
2776,80,78,73,76
2777,69,55,54
2778,29,19,32
2779,33,38,34,43,35,36,48
2780,29,32,30,19,17,27
2781,69,59,57,72,70,56
2782,62,66,64,57
2783,22,28,29
2784,34,33,46
2785,66,53,59,50,62
2786,47,33,44,37,40,34,39
2787,77,73,80,76
2788,5,6,4,2
2789,36,41,38,45,42,44,35
2790,20,22,29,17
2791,55,66,69,49
2792,9,16,12
2793,69,64,66,51,60,61,65
2794,80,77,78,76,74
2795,27,25,17,26,22,18,21
2796,7,8,5
2797,61,63,53
2798,15,9,13
2799,44,37,41,33
2800,36,33,41,39,38
2801,53,72,51,64,60,65,59
2802,27,26,19,28,24,23,25
2803,37,34,43,44,36,42,35
2804,32,25,22,30,31,26,28
2805,7,3,4,2,6
2806,30,32,21,28,29,24
2807,15,10,11
2808,65,61,58,68,60
2809,74,77,80,78
2810,79,75,78,73,77,74,76
2811,38,43,40,33,36
2812,58,57,61
2813,65,51,63,66,59,61,52
2814,1,8,4,7,6
2815,18,32,30,26,25,21
2816,27,20,22,30,32,29
2817,20,29,30,24,27
2818,14,12,13,9,11,15,10
2819,32,21,25
2820,52,58,70,63,65
2821,19,28,25
2822,34,35,36,44
2823,67,49,51,55,62,58,59
2824,55,60,53,59
2825,53,62,67,52,55,68
2826,36,40,47,38,33
2827,63,57,71,61,52
2828,70,55,58,64,52
2829,75,74,80,79,73,77,78
2830,44,42,40
2831,68,64,49,58,72,66,65
2832,52,72,65,50,57,69
2833,56,61,72
2834,62,68,54,49,67,58,52
2835,21,27,24,31,30,25
2836,41,48,37
2837,30,24,23,27,26,32,21
2838,57,53,72,65,50,63
2839,52,72,64,59,66,51,70
2840,18,26,23,28,30,32,21
2841,51,53,49,60,59,63,62
2842,24,32,17,29,30,31
2843,64,68,70,62,53
2844,49,64,66,52,53,62
2845,50,57,72,60,54,71
2846,75,73,77,74,79,76,80
2847,55,56,52,53
2848,24,30,19,25,32
2849,56,65,61,60,54,66
2850,24,30,23,17
2851,49,60,62,50,61,53
2852,76,78,74,75
2853,23,19,26,17,24
2854,28,17,27,25
2855,80,74,75,78,77,73,79
2856,32,19,31,25,17
2857,34,48,40,39,37,38
2858,47,37,39,41,36,43,33
2859,17,21,20
2860,63,66,72,50,68,62,58
2861,54,56,63,53
2862,15,9,10,16,13,14,11
2863,29,28,21
2864,21,31,18,27,25
2865,35,41,36,40,47
2866,19,20,23,18,29,28
2867,16,13,10,9
2868,53,56,51,60
2869,7,4,2,6,3,1,5
2870,63,50,62,67
2871,52,66,50,51,53
2872,18,24,29,22,26,31,28
2873,68,66,70,62
2874,16,9,15
2875,51,62,56,63
2876,55,53,62,65
2877,22,28,24,25
2878,75,77,73,74,78
2879,8,3,1
2880,47,48,35,43,44
2881,8,5,7,6
2882,69,62,56
2883,44,42,46,47,38,40
2884,57,68,50,51,62,58,70
2885,55,51,61,59,63,54,68
2886,38,47,43,48
2887,3,2,5,7
2888,61,68,69,57,53
2889,19,23,21,26,24,17
2890,50,59,52,60,63
2891,41,43,36
2892,7,2,5
2893,37,48,34
2894,50,53,72
2895,25,17,29,32,18
2896,73,77,74,78
2897,71,69,55
2898,38,42,44,34,46
2899,37,45,39,46
2900,2,6,4,5,3
2901,11,16,14,9,13,12
2902,51,70,68
2903,14,9,16,12,11,10,13
2904,37,36,45
2905,77,80,74,73,75
2906,72,64,68,69,58
2907,49,52,62,69,71
2908,38,45,40,39,43,37,44
2909,53,54,50,69,68
2910,66,56,61,63,71,49
2911,71,67,68,63,72,61
2912,9,16,11,12,15,13
2913,4,3,7,2
2914,52,66,70,68
2915,60,57,67
2916,56,63,66
2917,24,20,28,21,17,18,30
2918,61,58,60,64,72,69
2919,53,72,56,69,66,65
2920,3,7,2,6,5,1,8
2921,31,21,28,20,19,24
2922,24,25,27,23,32,30,29
2923,25,29,24,30,31
2924,22,32,18,19,27
2925,78,73,79,80,76,74,75
2926,17,30,18,31
2927,13,12,16,15,9,11,10
2928,33,39,44,35,46,40,34
2929,69,55,58,63
2930,18,25,24,21
2931,61,51,54,58
2932,80,78,76
2933,19,26,18,17
2934,13,11,10,9,15,12
2935,47,43,35,48,39,34
2936,3,7,2,4
2937,11,13,15,12,9,16,14
2938,54,61,70,49,68
2939,28,21,25,20,22
2940,43,47,41
2941,41,36,42,39,38,40,44
2942,47,38,48,43,45,34,35
2943,29,24,21,27,31,28
2944,49,64,66
2945,10,16,15
2946,73,79,77,74,76,75,78
2947,19,17,32,18
2948,72,50,67,66
2949,76,75,79,74,78,80,73
2950,61,57,58,59,50,60
2951,27,20,23,21,28
2952,43,48,41,39,45,44
2953,65,71,52
2954,65,50,70,51,55,64,49
2955,25,30,32,28,17
2956,1,6,7
2957,44,39,33,34
2958,3,4,2,1,6
2959,60,59,67,53,54,52
2960,17,19,27,22
2961,29,28,19
2962,27,32,30,20
2963,80,77,78
2964,69,56,57,61
2965,30,25,26,20,24,17,28
2966,51,62,68,67
2967,75,74,76,77,80
2968,45,33,35,41,38
2969,79,76,73
2970,54,63,64,59,50
2971,22,17,21,18
2972,39,42,47,34,35,43
2973,44,41,40
2974,76,77,80
2975,64,71,54,60,59,61
2976,51,55,58,57,60
2977,63,67,72,60,53,65,61
2978,21,32,29,26,18
2979,3,7,8,1,2,5
2980,52,51,55,54,65,49,67
2981,27,26,22,19
2982,79,75,78,80,73
2983,43,34,45,44
2984,77,80,73,76,79
2985,58,68,64,63,69,56
2986,76,74,75,73,78,77,80
2987,63,59,65,58,50
2988,39,34,43,41,48
2989,34,43,40,39
2990,2,1,3,6,7,5,8
2991,35,42,46,41,40,43,48
2992,74,73,80,77,78,79
2993,71,70,68,69
2994,80,79,74,76
2995,65,49,68,62,59
2996,52,72,50,49,54,53,55
2997,68,54,67,60,69,49
2998,55,70,67
2999,34,35,38,44,37,42
3000,22,18,28,26,32,19,20
3001,54,60,71,55,52,57,62
3002,37,33,35,46
3003,57,54,62,60,50
3004,76,75,73,78
3005,6,5,3,7,8,2
3006,5,1,4,6
3007,42,43,38
3008,54,56,72,62,55,67,61
3009,73,80,76,74,79,75,77
3010,29,23,26,24,30
3011,28,24,30
3012,31,25,26,30,18
3013,20,18,26,21,27
3014,79,74,80,75,73
3015,34,41,48,43,45,44,38
3016,51,66,69,56,72,59
3017,12,14,13,9,15,16,11
3018,78,79,74
3019,66,57,54,58,52
3020,50,52,57,69,59,56,58
3021,79,76,73,74
3022,11,10,12,16,9
3023,54,61,65,62
3024,50,60,64,54
3025,2,1,5,7,6,3,8
3026,10,15,12,16,11,9,14
3027,32,29,31
3028,63,61,67,52,57
3029,79,78,73,74
3030,21,18,30,26
3031,13,10,16,12,15,14
3032,53,65,68,57,64,54,50
3033,42,43,40,35,46
3034,11,9,12,15,16,10,13
3035,70,58,64
3036,70,61,72,56,67,50,54
3037,40,47,35,48
3038,70,52,66,51,55,60,72
3039,29,19,32
3040,47,40,33,44,34,46
3041,21,29,30,24,19,27,22
3042,80,77,74,76
3043,1,5,6,2,8
3044,24,21,29,31,28
3045,57,55,71,65
3046,53,61,64,60,51
3047,36,39,41,47,37,43,48
3048,7,2,4
3049,23,21,31,27,32
3050,48,44,39,38,33,36
3051,77,79,76,78,73,80,75
3052,79,74,75,76,78,80,77
3053,52,57,67
3054,69,66,58,59
3055,28,21,26,23,27
3056,6,3,2
3057,41,45,43,47,39,40,36
3058,23,32,22
3059,23,29,26,24,21,30,17
3060,43,46,38,39,42,33,35
3061,44,38,40
3062,69,61,50
3063,40,47,42,34,48
3064,75,79,76,78,73,74
3065,7,4,5,2
3066,34,41,44,35,40
3067,20,19,29,28
3068,79,76,77,73,75
3069,15,9,13,14,16
3070,50,53,72,61,71
3071,57,54,63,60
3072,64,70,49,51,72,61,54
3073,12,13,10,14
3074,80,74,76
3075,56,71,51,52
3076,19,22,24,18,31,30,28
3077,31,25,30,27,22
3078,53,67,49,71
3079,6,2,5,3,4
3080,77,78,74,75,79
3081,32,18,30,19,31,29,20
3082,20,18,28,31,32,26
3083,62,50,54,70,61
3084,46,37,39
3085,35,43,34,37,42,46,48
3086,17,20,30,28,27
3087,18,31,25
3088,19,24,27,30,31
3089,23,27,26,17,32,24,31
3090,50,53,56,70,52
3091,77,73,78,75,76,74
3092,21,28,25,32,18
3093,62,68,53,61,49
3094,19,28,30,24,21
3095,5,3,6,8,2
3096,21,25,32,23,17
3097,35,37,46,44,39
3098,79,73,76,77
3099,57,65,62,56,68,52
3100,37,41,44
3101,69,58,65,59,57,61
3102,29,24,18,28
3103,24,20,28,19,32,25
3104,7,3,6,1,8,4
3105,27,29,31,26
3106,51,63,65
3107,80,73,77,79
3108,44,45,37
3109,40,45,38,44,46
3110,61,56,52,50,71
3111,76,74,75,80,77,73
3112,3,1,6,8,2,7,5
3113,30,24,17,31,20
3114,26,29,17,21,30,27
3115,45,41,44,43,48,39
3116,2,6,1,5,7,3
3117,67,49,61,69,63,65
3118,43,42,41,35,38,34
3119,38,34,33,47,36,46
3120,63,54,69,52,71,55
3121,10,15,14,9,11,16,12
3122,6,3,2
3123,44,42,34,43
3124,1,4,5,6
3125,77,73,79,76
3126,7,4,8,5
3127,58,69,55,53,49,56,50
3128,66,54,50
3129,12,16,15,9,13,14,11
3130,26,32,18,17,27,22,28
3131,15,9,13,14
3132,39,44,43
3133,18,19,25,27,26,31,17
3134,17,31,28,32,26,27
3135,27,24,29,20
3136,69,62,56,72,54,52
3137,11,12,16,9
3138,73,74,79
3139,32,31,24,21
3140,36,43,35,47,44
3141,60,59,50,62,71
3142,32,28,22,31,20
3143,64,52,49,66,69,71,57
3144,13,10,9,14,16,11
3145,22,18,27,26,29,32
3146,28,32,20,21
3147,50,55,67,51,52
3148,6,7,8,5,4,3,1
3149,11,16,12,9,14,15,13
3150,2,1,4,7,8,3,5
3151,51,67,62
3152,35,47,44
3153,71,57,59,56,53
3154,1,5,3,4,8,2,6
3155,12,9,14,10,16,11,15
3156,1,8,2,4,7,3
3157,35,41,39,37,47
3158,30,29,27,19,25,32
3159,26,22,27,28
3160,68,49,54,62,50,63,71
3161,54,55,65
3162,44,39,46,47,41,40,48
3163,77,76,78,75
3164,67,71,56,68,57,62,55
3165,49,54,56,70,55,52
3166,30,23,18,21
3167,71,51,59,49,69,58
3168,38,40,33,48
3169,52,49,66
3170,65,56,59,62,52
3171,7,5,8,6,2,4
3172,26,17,18,21,19,24,25
3173,34,47,41,42,39,48
3174,18,24,21
3175,24,20,32,18,17,23,31
3176,64,56,59,66
3177,29,23,32,21
3178,53,57,50,52,61
3179,37,35,47,40,43
3180,29,23,21,25
3181,36,42,45,33
3182,22,31,23,21,20,26
3183,80,74,78,73,75
3184,43,48,40,39,46,47
3185,22,28,17,21
3186,70,56,68
3187,73,76,78,74,75,79,77
3188,1,8,2
3189,55,62,66,52
3190,28,27,22,18,25,23,20
3191,75,76,79,77,73,80,74
3192,51,57,69,55,53
3193,3,5,1,8,7,2,4
3194,60,52,54,65,67,72
3195,6,7,8
3196,31,24,21
3197,17,26,21,23,27,19
3198,60,54,52,53,72,61,65
3199,12,9,14,13,10,15
3200,65,57,60,51,56,61
3201,46,37,45,43,35,33,47
3202,44,42,46,45
3203,49,58,69
3204,20,31,17,32,30
3205,39,40,47,35
3206,51,62,54,65,71,50
3207,2,4,7
3208,13,15,11,14
3209,60,71,64,67,70,54,62
3210,46,35,36,48,33
3211,69,56,50
3212,47,35,44,39,48
3213,15,13,10,14,11,16
3214,40,47,42,44
3215,31,21,25,29,32
3216,61,66,56,70,50,69
3217,19,30,21,32,31,29,28
3218,64,70,50,56
3219,5,7,4,3
3220,9,15,14,16,11
3221,3,7,6,2,8,4,1
3222,23,28,27,25
3223,64,65,63,52
3224,52,57,66,56,54
3225,59,58,52,49,72,62
3226,50,68,57,53
3227,74,77,79,80,75
3228,35,47,42,36,48,34
3229,53,65,58,64
3230,76,73,74,79,78,77,80
3231,42,43,46,38,40,44
3232,72,55,62,68
3233,58,70,69,55
3234,54,58,61,64,60,59
3235,62,71,65,59,61
3236,21,27,23,17
3237,30,27,21,24,19,23
3238,1,5,7
3239,8,6,4,2,3,7
3240,77,79,76,78,73
3241,14,13,11
3242,78,77,75,76,80
3243,20,31,18,25
3244,36,46,35,44,47,41,38
3245,25,17,18
3246,74,75,77
3247,51,60,56,62
3248,16,13,15,11,10
3249,60,70,62,57,51,68
3250,55,62,61,71
3251,75,78,79,76,73
3252,3,4,1,7,2,8,6
3253,53,68,72,71
3254,38,43,45
3255,32,31,19,30,20,21
3256,7,1,3
3257,47,36,33,39
3258,6,2,4,3,7,8,1
3259,51,59,62,55,52,69
3260,26,27,22
3261,21,25,26,32,24
3262,4,6,5,1
3263,35,40,37,48,44,33
3264,68,65,62,58
3265,24,26,25,19,27
3266,8,5,7,3,2,4
3267,42,46,36
3268,37,41,46,39,43
3269,16,11,10,9,13,12,15
3270,67,55,72,61,70
3271,1,8,5,4,6
3272,35,48,34,45,38,46,37
3273,15,12,11,14,13,16,10
3274,66,64,68,49,63
3275,48,34,40
3276,10,9,13,12,15,16
3277,29,30,31,18,24
3278,55,63,56,54,62,57
3279,7,3,1,2,8,5
3280,66,55,51,53,56,49
3281,39,33,46,47,45,35
3282,41,45,39,33,42,47,37
3283,74,80,76,78,79,75,77
3284,55,54,53,69,63,52,70
3285,49,56,50,64
3286,43,36,46
3287,67,70,69,63
3288,59,61,53,52,68,56
3289,63,56,71,66,59
3290,77,78,80
3291,59,58,55,56
3292,67,70,66,60,54,64,57
3293,36,47,48
3294,70,69,59,63,65,61,58
3295,14,13,9,10
3296,1,7,2,5
3297,2,7,1,4,6
3298,26,30,23,29,18,21,27
3299,49,52,63,53,64,72
3300,15,14,10,11,16,12,9
3301,33,42,44,37,43,36
3302,24,19,18,20
3303,2,5,7
3304,37,46,38,39,40,48,47
3305,49,65,59,72
3306,7,2,8,6,4,3,5
3307,37,40,38,45,36,41,47
3308,66,51,49,57
3309,70,69,52,50
3310,38,41,40
3311,33,47,38,48,36
3312,44,48,42
3313,3,8,6,7,1
3314,51,54,57,63
3315,62,72,67,60,50,63
3316,38,40,35,44,48,36,47
3317,35,34,38,46,45,43,44
3318,1,6,5
3319,17,31,29,23
3320,59,67,52,54,58,53
3321,60,59,71
3322,6,7,1
3323,75,74,73,77,78,79
3324,22,31,25,27
3325,8,3,1,7,4,2,6
3326,66,61,63,51,72,52,69
3327,73,78,76
3328,44,47,40
3329,18,21,29,25,32,26
3330,36,34,42,45,41,47,33
3331,61,53,57
3332,78,74,73,80
3333,52,59,56,60
3334,23,20,17,21,26
3335,61,62,49,66,53,60
3336,76,74,80,78,77,75,79
3337,62,63,68
3338,41,37,42,33,43,48,46
3339,44,42,37,47,35,48
3340,69,54,68,72,58,57,51
3341,60,49,68,55,72
3342,69,72,63,55,50,49
3343,69,71,59,66,54,57
3344,45,37,40,39
3345,36,44,37,35,46
3346,23,32,25,18,24,31
3347,17,26,19,30
3348,41,36,46,40,37,45
3349,74,77,75,78,76,79,73
3350,66,67,59,56,55
3351,18,22,23
3352,1,6,4
3353,15,12,11,13
3354,60,58,54,51,69
3355,48,34,40
3356,23,20,30
3357,6,1,5
3358,2,4,3,6,5,7,8
3359,46,45,43
3360,17,23,30,28,21,25,19
3361,29,32,22,23
3362,53,67,65,62,72,63,69
3363,34,33,41,42,35,40,44
3364,7,1,3,4
3365,2,6,4
3366,55,64,69,68,61,58,71
3367,45,42,38,35,37,40
3368,37,35,46,34,42,33,47
3369,38,42,35,48,33,39
3370,34,40,37
3371,48,36,42,39,33,37
3372,79,80,78,77,73,75,74
3373,3,6,5,1,2
3374,75,77,78
3375,38,35,42,41
3376,62,60,67
3377,18,25,20,26,22,21,23
3378,43,39,38,48,42
3379,35,42,41,37,34,44
3380,49,61,65,54,66,58,69
3381,41,47,35
3382,1,6,5,3,7,2,8
3383,2,3,6,5,7,4
3384,52,68,65
3385,61,64,68,65,57
3386,8,3,1
3387,51,55,66,49
3388,38,43,45,44
3389,5,7,2,1
3390,31,24,18,21,27,26
3391,42,34,41
3392,39,42,33,43,37,45,47
3393,28,25,18
3394,19,29,27,24,17
3395,34,42,44,43,39,40
3396,73,77,79,75
3397,79,75,74
3398,41,34,47,42,35
3399,30,28,17
3400,3,8,1,2,4,7,5
3401,49,67,61,51,68
3402,72,63,55,54
3403,73,79,75,77,80
3404,51,58,50,55,61
3405,46,38,45,44,39,40,33
3406,18,28,19,17,24
3407,77,80,76,74
3408,6,4,8,2
3409,38,39,47
3410,68,64,66,67,60,59
3411,79,73,78,76,77
3412,7,6,1
3413,79,80,74,77,75,76
3414,76,75,74,79,77,78
3415,3,1,5
3416,61,65,50,62,67,58
3417,27,24,23,25,17,18
3418,21,20,22,28
3419,65,51,71
3420,16,11,15,9,10,12,14
3421,53,64,71,68,67,63
3422,71,62,65,67,58,49
3423,8,1,2,6
3424,57,64,53,59,58
3425,22,26,27
3426,9,16,13,15,11
3427,62,60,68
3428,2,8,6,7,4
3429,5,1,2
3430,80,78,77,73,79
3431,1,3,4,7,5,2
3432,20,25,19,30,31
3433,45,36,37,41
3434,63,61,66,53,54,64
3435,80,77,74
3436,24,19,31,22,17,26,28
3437,8,1,6
3438,11,16,9,12,14
3439,35,36,33
3440,40,34,46,43,38,48
3441,40,39,38,44,45,37,36
3442,13,15,16
3443,69,72,49,67,70
3444,15,14,16,9,11
3445,32,23,28,29,22,21,19
3446,46,37,43,42,39
3447,29,32,20,17,18,23
3448,70,64,71,52,66,56
3449,60,66,49,54,52,71
3450,9,14,13
3451,77,79,73,75,78
3452,59,64,69,50
3453,12,10,16
3454,36,33,40
3455,67,49,66,56,69
3456,55,67,54,57,64,63
3457,12,15,14,16,9,10,11
3458,15,13,10,14
3459,21,19,28
3460,36,43,39
3461,34,43,47,45,38
3462,74,78,75,77,80,76
3463,77,76,75,73,79,74
3464,62,66,57,55
3465,17,20,19,27,24
3466,15,16,13,10
3467,53,58,57,59,68,50,64
3468,55,54,56,52
3469,71,68,64,65,52
3470,30,26,23,32,22,21
3471,25,30,27,20
3472,2,8,1,3,7
3473,5,4,7,1
3474,21,32,19,29,20,27,26
3475,78,80,73,74
3476,49,52,59,54,60,56
3477,48,42,39,40,37,38
3478,28,30,18,17,27,23
3479,70,49,54,67,68,57,66
3480,27,32,29,22,25
3481,6,5,4
3482,71,58,53
3483,6,3,1
3484,42,46,40,33
3485,11,9,14,16,15,10,12
3486,32,22,30,28,27,18,20
3487,30,20,21,32,19,26
3488,4,5,3,2,6,1,8
3489,68,65,51,54,60,61,50
3490,47,39,42,41,44,38,48
3491,38,44,41,46
3492,32,28,24,27
3493,57,53,69,72,52
3494,33,45,37,39,34,46,35
3495,60,56,65
3496,62,69,59,68,58,66
3497,23,31,18
3498,22,17,21,29
3499,57,58,61,54,52,51
3500,17,29,19,18
3501,28,18,29,21,19,22
3502,38,48,36
3503,72,62,71,60
3504,40,45,34,48,47,44,42
3505,7,4,6,5,1,2
3506,26,22,23,29,27
3507,55,70,72,53,51,61
3508,7,8,6,1,3
3509,53,62,70,55
3510,74,77,73,75,76,79
3511,65,67,50,69,49,56,59
3512,56,61,65
3513,5,4,7
3514,68,72,59,50
3515,47,41,38,46,33
3516,63,52,68,69,49,50
3517,11,16,12,13,9,15,10
3518,29,20,17,21,24,30,27
3519,3,4,1
3520,56,60,65
3521,9,16,12
3522,64,54,51,60,61,72,55
3523,68,53,49,51,62,57
3524,22,24,25
3525,30,21,31,17,32,20,22
3526,22,23,28,25,20,27,30
3527,29,17,21
3528,14,15,10,12
3529,14,16,9,12,11,15
3530,72,68,52
3531,15,11,13,16
3532,60,59,58,50,72,65
3533,48,42,33,44
3534,53,71,50,59,67,69
3535,9,16,14,13
3536,51,60,49,62,55,59,53
3537,54,72,62,67
3538,19,20,32,30
3539,59,69,61
3540,9,14,10,16,12,15
3541,44,46,33,35
3542,48,43,42,47,33,40,34
3543,57,58,52
3544,63,72,58,69
3545,30,18,20,24,31
3546,69,55,62,59,61,52
3547,22,29,17,25,20,24
3548,3,5,7,8,1,2,4
3549,35,42,34
3550,50,72,51
3551,3,4,8,5
3552,74,80,78,79,75,76
3553,43,36,33,40,38,47,35
3554,27,23,30,18,26,25,17
3555,59,63,72
3556,13,16,15,12,9,11
3557,5,1,7,3
3558,49,57,64,62
3559,27,24,20,28,25,31
3560,16,15,13,10,11,9,14
3561,53,70,68,57,49
3562,20,22,17,26,25,28
3563,12,10,11,16
3564,35,38,39
3565,66,59,55,72,64,52
3566,7,1,5,3,2
3567,67,62,63,60
3568,43,33,47,46,38,35,40
3569,8,7,4,1,5,6
3570,18,31,26
3571,76,79,75,77,73
3572,72,62,56
3573,61,71,52
3574,26,19,29,17,21,23
3575,74,77,75,78
3576,67,50,57,58,52,62
3577,46,47,34
3578,67,57,69
3579,41,47,37,36
3580,32,23,30,20,19,29
3581,77,73,75,74,78
3582,23,22,25,31
3583,8,2,7
3584,65,49,63,55,64,60,62
3585,46,35,44,48,41,38,43
3586,18,25,32
3587,67,51,66,62,55,53,60
3588,16,15,9,13,11,14
3589,41,35,44,36,42,38
3590,30,20,28,27
3591,32,29,31,22
3592,1,8,7,5,6,4,2
3593,64,63,65,61,55
3594,5,4,1,8,3,6,7
3595,50,62,59,64,71,69
3596,14,11,15,13,12,9,16
3597,7,3,4,1,6,8,5
3598,52,57,69,72,56,51
3599,66,70,65,61,60,71,49
3600,73,76,75,77
3601,32,23,25
3602,42,34,41
3603,75,74,76
3604,20,26,25,24
3605,56,57,61,50,58
3606,65,55,68,70
3607,34,44,46
3608,72,54,56,58,63
3609,10,12,13,9,11,16
3610,51,68,67,63,66
3611,60,55,63
3612,51,66,61
3613,78,73,77,79,74,76,80
3614,22,31,30
3615,62,58,59,60,54,51
3616,78,79,77,74
3617,74,78,80,79,77
3618,72,68,57,66
3619,34,39,37,42,45
3620,49,54,72,70,68,60,61
3621,54,53,67
3622,48,38,43,44,36
3623,43,40,45,33,34
3624,11,13,10,14,15,16,9
3625,62,52,59,69,54,65,60
3626,77,79,73,78,74
3627,3,5,4,1,2,6,8
3628,29,31,30,28,25,22
3629,5,8,6,3
3630,61,66,65,49
3631,5,2,4,3,8,7,6
3632,46,34,37
3633,21,25,30,31
3634,14,13,11,15
3635,35,37,39
3636,44,41,43,34,45,37
3637,30,25,18,17
3638,70,55,65
3639,23,24,26,20,18,19
3640,65,61,72,67,50,58,64
3641,16,10,15,11
3642,66,61,54,56,50
3643,61,53,54,50,60,67
3644,25,26,32,28,24
3645,79,73,80
3646,34,48,45,38,33,39
3647,60,65,71
3648,71,62,66
3649,30,32,21,29,27,20
3650,57,60,70
3651,23,26,25,28,31
3652,15,11,12,10,16,14,13
3653,66,53,60,49,67,70,68
3654,50,70,60,65,61
3655,5,4,7,2,1,8
3656,80,73,75,74
3657,24,27,20
3658,9,14,10,13,15,16,12
3659,34,44,43,45
3660,74,78,73,80,76,75
3661,6,4,7,2,1
3662,53,66,72,60
3663,69,55,58,61,68,54
3664,61,64,65
3665,33,48,47
3666,12,10,13,11,15
3667,51,61,63
3668,40,41,36,42,39
3669,34,48,46
3670,15,13,9,10,11,14,12
3671,45,40,44,39,36,37
3672,47,46,34
3673,57,50,49
3674,72,51,65,54
3675,28,29,19,22,20,17
3676,46,38,47
3677,79,75,74,80,78,76,77
3678,66,63,68,58
3679,36,37,40,48,44,45,38
3680,12,16,14,9,11,15,13
3681,54,60,53,62,63,72
3682,32,24,20,27,29,28,30
3683,35,37,47,43
3684,56,66,68,65,57
3685,3,7,4
3686,24,30,23,32,29,27,21
3687,74,78,73,80,79
3688,32,27,24,22
3689,45,33,41,34,46
3690,55,72,57,69,58
3691,30,17,25,27,22
3692,17,19,26,27,23,21,22
3693,8,3,1,2
3694,11,16,9,13,15,10,14
3695,35,46,48,36,44,42
3696,53,67,55,69,71,49,60
3697,34,39,36,38,40,45,37
3698,49,70,61,59,52,62
3699,13,15,14,11,12
3700,19,21,26,27
3701,15,9,14,16,12,13
3702,24,23,22,26,29,31,20
3703,60,51,72,49,65,61,50
3704,68,58,72,56
3705,17,29,19,32,21,28
3706,19,25,22,31,17,30
3707,9,15,11,12,14,16
3708,5,1,6,2,3
3709,2,3,8,6,5,1,4
3710,45,34,39,48,38,46,41
3711,58,65,53,60,71,51
3712,58,57,68,53
3713,7,2,6,5,3,4,8
3714,65,53,66,57,72,68,55
3715,75,76,79
3716,14,15,9,12,16
3717,11,14,12,10
3718,57,60,59,55,58
3719,33,43,44
3720,79,78,77,75,73,76
3721,40,37,42
3722,36,41,48,44,34,37,45
3723,62,59,52
3724,31,21,24,28
3725,74,78,77
3726,36,44,39,37
3727,24,28,31,19
3728,34,48,47,45
3729,62,66,54
3730,38,37,44,33,34,47
3731,62,54,72,63,65,52
3732,14,12,13,15
3733,16,15,12
3734,31,22,19
3735,36,34,43
3736,38,40,46,36,39,48,43
3737,11,16,14,10,12
3738,63,64,65,51
3739,23,28,30,22,17,19
3740,15,13,14
3741,20,24,21
3742,80,73,75,74,77
3743,61,65,57,54,56,62
3744,61,62,56,51
3745,27,30,28,23,31
3746,65,55,53
3747,9,11,13,14
3748,18,27,23,28,31,32,24
3749,15,10,16,12,11,13,9
3750,44,38,34,47,36,48,40
3751,28,27,31,23,30,24,19
3752,8,5,1,3,4,7,2
3753,67,56,70,69
3754,68,64,55
3755,15,13,14
3756,71,72,57,70,55,67,58
3757,23,31,32,30
3758,13,10,11
3759,71,68,58,63,51,62,50
3760,27,19,29,24,31,25,23
3761,55,64,60,70
3762,67,59,70,53
3763,31,21,17,18
3764,19,29,22,25,26,28,21
3765,15,14,16,12,10
3766,41,34,39
3767,50,60,54,49,71,70,62
3768,79,74,75,77,76
3769,31,23,17,22
3770,74,76,78
3771,31,20,29,28,22,24,30
3772,42,39,43,46,36
3773,25,32,24,19,28,20,17
3774,33,44,45,41,36
3775,14,11,13,15,10,9
3776,4,1,3,5,6,8,7
3777,42,48,36,41,37,43
3778,8,6,1,2
3779,26,22,32
3780,60,49,65
3781,72,49,68,56,63,66
3782,16,13,9,12,14,11
3783,33,46,36,44,43,48,41
3784,17,29,21
3785,66,67,71,62,61
3786,44,46,43,36,33,38
3787,68,63,50,71,52,59
3788,41,35,43,39,40
3789,60,68,69,72,64
3790,24,26,32,25
3791,27,28,18,20,30
3792,78,80,76,79
3793,50,51,55,65,58,71
3794,70,52,71,55,68,54,60
3795,30,28,31,25
3796,21,18,20
3797,10,12,16,11,9,14,15
3798,11,16,13
3799,80,75,77,73,76
3800,41,35,42,40
3801,23,31,22
3802,44,33,46,37
3803,24,22,19
3804,9,15,16,11,10
3805,15,13,11,9,10,16
3806,49,53,54,61
3807,42,38,46,43
3808,55,56,58,63
3809,25,21,23,20,29,31
3810,48,39,44,40
3811,64,59,67,54,61,60,65
3812,74,73,79
3813,22,21,20,28,29
3814,79,80,76,75
3815,36,34,35,47,38,43
3816,10,16,11
3817,39,34,33,37,36,47
3818,20,32,23,19
3819,75,77,73,78
3820,35,43,47
3821,69,60,68,51,71,62,56
3822,72,71,57,56,64,60
3823,17,28,26,32,25,18
3824,45,37,43,33
3825,46,34,33
3826,30,26,25,23
3827,26,31,27,22,32,29,19
3828,34,39,40
3829,39,38,34,36,35,47
3830,65,58,61
3831,41,46,40,35,39
3832,28,27,25,29,31,30,17
3833,7,5,4,3,2
3834,44,36,47,34,42,46
3835,31,25,27,20,21,28,32
3836,24,23,26,21,20,29,18
3837,5,4,3,2,7,8
3838,16,15,10,9
3839,4,6,2
3840,4,6,3,8,7,2,5
3841,34,40,47,46,33,36
3842,9,12,10,14
3843,35,38,39
3844,56,67,55,58,49,57,70
3845,68,50,52,53,67,54,58
3846,65,62,57,49,68,56,66
3847,58,63,71,59,57,64
3848,16,14,11,10,12,13
3849,33,43,38,45,39
3850,54,50,65
3851,62,66,63,72,58,60
3852,46,37,47
3853,59,56,65
3854,41,47,38,46,40
3855,60,51,65,54,52,61
3856,24,17,25
3857,32,22,21,20,23,28,17
3858,69,66,51,70,58,67
3859,17,21,32
3860,2,4,5,7,6,8,1
3861,58,68,61,60
3862,63,49,54,64,67
3863,12,14,16,15,11,9
3864,40,42,45
3865,63,65,70
3866,56,60,58,57
3867,56,63,62,71,54
3868,67,59,70,57,61,66,53
3869,47,35,36,43,38
3870,43,47,48,46,34
3871,23,28,26,22,31,18
3872,32,31,18,30
3873,35,46,42,39,33,36
3874,62,54,52,59,72,55,61
3875,15,13,9,10,14,12
3876,67,53,57,55,49,50
3877,41,39,47,40,38
3878,73,76,75,77
3879,3,1,7,2,6,8
3880,35,46,33,48,39,47
3881,20,29,27,26,23,25
3882,68,70,50,55,51,71,66
3883,54,70,67,72,71
3884,75,76,78,74,80
3885,66,57,49,52
3886,60,68,61,65,69,59
3887,77,80,74,79,76
3888,11,16,9,14,12,13,10
3889,3,4,1,2
3890,14,12,11,16,15,10
3891,61,71,54,49,60,68,56
3892,28,24,18,22,19
3893,21,25,30,19,24
3894,56,57,55,61,72
3895,26,23,20,27,18
3896,42,37,46,47
3897,16,11,15,12,10,9
3898,14,12,13
3899,26,19,24,22
3900,51,65,58
3901,30,28,26,32
3902,73,80,78,76,79,75
3903,71,53,56,70,66
3904,23,29,18
3905,73,74,76,75
3906,32,30,22
3907,61,52,49,65,50,71
3908,60,51,67,71,54
3909,79,76,78,77,80,73,75
3910,1,4,2,3,8
3911,5,4,1
3912,49,60,62,64
3913,54,66,62,52,68,55
3914,49,67,70
3915,45,35,39
3916,3,1,7,4,6,8
3917,62,68,53
3918,8,3,2,6
3919,38,43,34
3920,10,15,14
3921,76,78,77,73,79,74,75
3922,37,41,42,39,36
3923,24,27,17,31,30,25
3924,14,16,15,9,13,10
3925,73,79,76,74,77
3926,34,41,35
3927,69,56,52,59
3928,70,54,49,55,69,61,50
3929,71,53,52
3930,37,41,38
3931,69,72,65
3932,66,70,54,67,64,56,71
3933,31,27,28,29,24,26,25
3934,80,73,75,77,78
3935,38,46,45,43,40,36,35
3936,27,28,31,23,19,24
3937,56,51,66,71,59,57,52
3938,30,23,18
3939,43,35,48,38,42
3940,49,67,54,55
3941,70,53,54,60
3942,13,14,16
3943,24,32,29
3944,23,32,30,25,27,31
3945,43,45,44,34,42,47
3946,79,78,75,73,77,76
3947,67,53,60
3948,12,13,14,11,16,9
3949,66,58,68,59,51
3950,2,5,6,3,8
3951,63,50,67
3952,31,24,21,19
3953,20,21,27,24,19
3954,72,59,64,51,69,49
3955,4,3,1,6,2,5,8
3956,15,11,14,10
3957,57,71,61,51,56,67
3958,51,65,70,68,64,55,50
3959,16,15,11,10,13
3960,65,66,69,49,51
3961,63,59,53,58
3962,20,30,17,27,23,24
3963,8,6,5
3964,41,35,33,43
3965,19,24,23,31,17
3966,68,71,69,56,65
3967,7,4,1,3,8,6
3968,65,59,71,55,67,69
3969,78,77,80
3970,9,12,16,14
3971,60,54,58
3972,67,49,59,70
3973,74,77,80,75
3974,36,47,46,40,35
3975,16,10,14,11,15,13
3976,13,12,11,10,14,16
3977,41,42,37,33,40
3978,21,18,20,29,26,30,25
3979,52,61,65,58,69
3980,71,64,66,53,67
3981,39,35,44,47,37,38,40
3982,69,68,54,66,58
3983,55,51,50
3984,8,4,3,1,5,6
3985,16,15,11,9,10,12
3986,29,17,27
3987,65,58,57
3988,7,3,1,5,8
3989,37,44,48,42,45,40
3990,9,11,12,14
3991,3,4,1,8,2
3992,7,3,5,4,6
3993,14,11,16,9,10,12
3994,79,80,74,76
3995,17,28,23,27,19,18
3996,28,31,24,18
3997,3,6,8,1,5,2,4
3998,73,75,76
3999,26,23,19,18,30,20
